Date,Day,Customers_Chinese,Customers_India,Public_Holiday,Month,Event,India_Reservation,Chinese > 100,Indian > 100,Food_Court_Customer,10am-11am,11am-12pm,12pm-1pm,1pm-2pm,2pm-3pm,3pm-4pm,4pm-5pm,5pm-6pm,6pm-7pm,7pm-8pm,8pm-9pm,9pm-10pm
1/1/21,Friday,177,96,New Year's Day,January,FALSE,TRUE,TRUE,FALSE,209,12,36,53,36,24,12,36,0,0,95,109,69
2/1/21,Saturday,132,114,,January,FALSE,TRUE,TRUE,TRUE,156,9,27,39,27,18,9,27,0,0,70,110,66
3/1/21,Sunday,127,0,,January,FALSE,FALSE,TRUE,FALSE,131,7,23,33,23,15,7,23,0,0,62,34,31
4/1/21,Monday,87,76,,January,FALSE,TRUE,FALSE,FALSE,108,6,19,27,19,12,6,19,0,0,42,76,45
5/1/21,Tuesday,125,96,,January,TRUE,TRUE,TRUE,FALSE,136,8,24,32,24,16,8,24,0,0,55,104,62
6/1/21,Wednesday,118,0,,January,FALSE,FALSE,TRUE,FALSE,99,5,17,27,17,11,5,17,0,0,54,42,22
7/1/21,Thursday,98,0,,January,FALSE,FALSE,FALSE,FALSE,78,4,13,22,13,9,4,13,0,0,50,28,20
8/1/21,Friday,102,0,,January,FALSE,FALSE,TRUE,FALSE,122,7,21,31,21,14,7,21,0,0,39,41,22
9/1/21,Saturday,123,0,,January,FALSE,FALSE,TRUE,FALSE,104,6,18,26,18,12,6,18,0,0,69,37,17
10/1/21,Sunday,113,80,,January,FALSE,TRUE,TRUE,FALSE,124,7,21,33,21,14,7,21,0,0,59,81,53
11/1/21,Monday,103,0,,January,FALSE,FALSE,TRUE,FALSE,112,6,19,30,19,13,6,19,0,0,56,31,16
12/1/21,Tuesday,115,71,,January,FALSE,TRUE,TRUE,FALSE,134,7,23,36,23,15,7,23,0,0,62,73,51
13/1/21,Wednesday,119,0,,January,FALSE,FALSE,TRUE,FALSE,97,5,17,25,17,11,5,17,0,0,58,35,26
14/1/21,Thursday,103,0,,January,FALSE,FALSE,TRUE,FALSE,118,6,20,33,20,13,6,20,0,0,54,34,15
15/1/21,Friday,82,94,,January,FALSE,TRUE,FALSE,FALSE,78,4,13,22,13,9,4,13,0,0,55,76,45
16/1/21,Saturday,136,0,,January,FALSE,FALSE,TRUE,FALSE,108,6,19,27,19,12,6,19,0,0,69,36,31
17/1/21,Sunday,120,0,,January,FALSE,FALSE,TRUE,FALSE,140,8,24,36,24,16,8,24,0,0,59,33,28
18/1/21,Monday,103,95,,January,FALSE,TRUE,TRUE,FALSE,116,6,20,31,20,13,6,20,0,0,53,96,49
19/1/21,Tuesday,109,64,,January,FALSE,TRUE,TRUE,FALSE,99,5,17,27,17,11,5,17,0,0,58,75,40
20/1/21,Wednesday,117,0,,January,FALSE,FALSE,TRUE,FALSE,112,6,19,30,19,13,6,19,0,0,64,39,14
21/1/21,Thursday,81,72,,January,FALSE,TRUE,FALSE,FALSE,100,5,17,28,17,11,5,17,0,0,42,74,37
22/1/21,Friday,100,84,,January,FALSE,TRUE,FALSE,FALSE,105,6,18,27,18,12,6,18,0,0,49,85,50
23/1/21,Saturday,109,0,,January,FALSE,FALSE,TRUE,FALSE,82,4,14,23,14,9,4,14,0,0,58,27,24
24/1/21,Sunday,106,87,,January,FALSE,TRUE,TRUE,FALSE,87,5,15,22,15,10,5,15,0,0,50,97,46
25/1/21,Monday,101,69,,January,FALSE,TRUE,TRUE,FALSE,100,5,17,28,17,11,5,17,0,0,54,68,48
26/1/21,Tuesday,104,94,,January,FALSE,TRUE,TRUE,FALSE,129,7,22,34,22,15,7,22,0,0,43,96,59
27/1/21,Wednesday,106,64,,January,FALSE,TRUE,TRUE,FALSE,119,7,21,28,21,14,7,21,0,0,55,70,45
28/1/21,Thursday,107,88,,January,FALSE,TRUE,TRUE,FALSE,131,7,23,33,23,15,7,23,0,0,58,88,49
29/1/21,Friday,118,86,,January,TRUE,TRUE,TRUE,FALSE,130,7,22,35,22,15,7,22,0,0,62,87,55
30/1/21,Saturday,118,113,,January,FALSE,TRUE,TRUE,TRUE,113,6,19,31,19,13,6,19,0,0,63,101,67
31/1/21,Sunday,168,132,,January,TRUE,TRUE,TRUE,TRUE,148,8,26,37,26,17,8,26,0,0,83,132,85
1/2/21,Monday,116,92,,February,FALSE,TRUE,TRUE,FALSE,101,5,17,29,17,11,5,17,0,0,53,100,55
2/2/21,Tuesday,86,63,,February,FALSE,TRUE,FALSE,FALSE,81,4,14,22,14,9,4,14,0,0,40,71,38
3/2/21,Wednesday,100,94,,February,FALSE,TRUE,FALSE,FALSE,78,4,13,22,13,9,4,13,0,0,56,91,47
4/2/21,Thursday,88,85,,February,FALSE,TRUE,FALSE,FALSE,101,5,17,29,17,11,5,17,0,0,41,81,51
5/2/21,Friday,118,89,,February,FALSE,TRUE,TRUE,FALSE,99,5,17,27,17,11,5,17,0,0,53,92,62
6/2/21,Saturday,104,85,,February,FALSE,TRUE,TRUE,FALSE,90,5,15,25,15,10,5,15,0,0,50,81,58
7/2/21,Sunday,119,100,,February,FALSE,TRUE,TRUE,FALSE,119,7,21,28,21,14,7,21,0,0,60,101,58
8/2/21,Monday,104,0,,February,FALSE,FALSE,TRUE,FALSE,117,6,20,32,20,13,6,20,0,0,59,28,17
9/2/21,Tuesday,93,70,,February,FALSE,TRUE,FALSE,FALSE,89,5,15,24,15,10,5,15,0,0,49,77,37
10/2/21,Wednesday,88,87,,February,FALSE,TRUE,FALSE,FALSE,83,4,14,24,14,9,4,14,0,0,41,86,48
11/2/21,Thursday,105,0,,February,FALSE,FALSE,TRUE,FALSE,84,4,14,25,14,9,4,14,0,0,50,33,22
12/2/21,Friday,226,170,Chinese New Year,February,TRUE,TRUE,TRUE,TRUE,180,10,31,46,31,21,10,31,0,0,114,177,105
13/2/21,Saturday,111,0,,February,FALSE,FALSE,TRUE,FALSE,134,7,23,36,23,15,7,23,0,0,52,37,22
14/2/21,Sunday,119,0,,February,FALSE,FALSE,TRUE,FALSE,116,6,20,31,20,13,6,20,0,0,56,38,25
15/2/21,Monday,86,78,,February,FALSE,TRUE,FALSE,FALSE,69,4,12,17,12,8,4,12,0,0,41,73,50
16/2/21,Tuesday,87,83,,February,FALSE,TRUE,FALSE,FALSE,78,4,13,22,13,9,4,13,0,0,32,84,54
17/2/21,Wednesday,114,63,,February,FALSE,TRUE,TRUE,FALSE,98,5,17,26,17,11,5,17,0,0,52,73,52
18/2/21,Thursday,93,0,,February,FALSE,FALSE,FALSE,FALSE,108,6,19,27,19,12,6,19,0,0,45,30,18
19/2/21,Friday,96,84,,February,FALSE,TRUE,FALSE,FALSE,80,4,14,21,14,9,4,14,0,0,51,85,44
20/2/21,Saturday,133,87,,February,FALSE,TRUE,TRUE,FALSE,139,8,24,35,24,16,8,24,0,0,83,87,50
21/2/21,Sunday,143,0,,February,FALSE,FALSE,TRUE,FALSE,140,8,24,36,24,16,8,24,0,0,80,41,22
22/2/21,Monday,83,0,,February,FALSE,FALSE,FALSE,FALSE,96,5,16,27,16,11,5,16,0,0,44,24,15
23/2/21,Tuesday,101,101,,February,TRUE,TRUE,TRUE,TRUE,93,5,16,25,16,10,5,16,0,0,58,91,53
24/2/21,Wednesday,85,0,,February,FALSE,FALSE,FALSE,FALSE,99,5,17,27,17,11,5,17,0,0,45,26,14
25/2/21,Thursday,103,98,,February,TRUE,TRUE,TRUE,FALSE,84,4,14,25,14,9,4,14,0,0,51,95,55
26/2/21,Friday,108,0,,February,FALSE,FALSE,TRUE,FALSE,87,5,15,22,15,10,5,15,0,0,62,35,11
27/2/21,Saturday,109,85,,February,FALSE,TRUE,TRUE,FALSE,106,6,18,28,18,12,6,18,0,0,47,93,54
28/2/21,Sunday,129,93,,February,FALSE,TRUE,TRUE,FALSE,106,6,18,28,18,12,6,18,0,0,67,94,61
1/3/21,Monday,113,87,,March,FALSE,TRUE,TRUE,FALSE,118,6,20,33,20,13,6,20,0,0,48,86,66
2/3/21,Tuesday,89,66,,March,FALSE,TRUE,FALSE,FALSE,91,5,16,23,16,10,5,16,0,0,44,63,48
3/3/21,Wednesday,115,0,,March,FALSE,FALSE,TRUE,FALSE,140,8,24,36,24,16,8,24,0,0,56,36,23
4/3/21,Thursday,93,76,,March,FALSE,TRUE,FALSE,FALSE,76,4,13,21,13,8,4,13,0,0,45,78,46
5/3/21,Friday,137,92,,March,TRUE,TRUE,TRUE,FALSE,150,8,26,39,26,17,8,26,0,0,73,98,58
6/3/21,Saturday,116,90,,March,FALSE,TRUE,TRUE,FALSE,128,7,22,33,22,15,7,22,0,0,55,93,58
7/3/21,Sunday,113,0,,March,FALSE,FALSE,TRUE,FALSE,114,6,20,29,20,13,6,20,0,0,56,39,18
8/3/21,Monday,116,113,,March,TRUE,TRUE,TRUE,TRUE,144,8,25,37,25,16,8,25,0,0,68,101,60
9/3/21,Tuesday,102,0,,March,FALSE,FALSE,TRUE,FALSE,123,7,21,32,21,14,7,21,0,0,50,29,23
10/3/21,Wednesday,119,93,,March,FALSE,TRUE,TRUE,FALSE,128,7,22,33,22,15,7,22,0,0,58,96,58
11/3/21,Thursday,100,65,,March,FALSE,TRUE,FALSE,FALSE,95,5,16,26,16,11,5,16,0,0,51,72,42
12/3/21,Friday,95,0,,March,FALSE,FALSE,FALSE,FALSE,108,6,19,27,19,12,6,19,0,0,48,27,20
13/3/21,Saturday,138,0,,March,FALSE,FALSE,TRUE,FALSE,155,9,27,38,27,18,9,27,0,0,69,51,18
14/3/21,Sunday,108,108,,March,FALSE,TRUE,TRUE,TRUE,117,6,20,32,20,13,6,20,0,0,62,94,60
15/3/21,Monday,105,69,,March,FALSE,TRUE,TRUE,FALSE,117,6,20,32,20,13,6,20,0,0,53,80,41
16/3/21,Tuesday,104,0,,March,FALSE,FALSE,TRUE,FALSE,103,6,18,25,18,12,6,18,0,0,52,38,14
17/3/21,Wednesday,108,66,,March,FALSE,TRUE,TRUE,FALSE,130,7,22,35,22,15,7,22,0,0,53,78,43
18/3/21,Thursday,94,83,,March,FALSE,TRUE,FALSE,FALSE,73,4,12,21,12,8,4,12,0,0,45,81,51
19/3/21,Friday,80,85,,March,FALSE,TRUE,FALSE,FALSE,61,3,10,18,10,7,3,10,0,0,44,81,40
20/3/21,Saturday,128,0,,March,FALSE,FALSE,TRUE,FALSE,101,5,17,29,17,11,5,17,0,0,79,32,17
21/3/21,Sunday,144,110,,March,FALSE,TRUE,TRUE,TRUE,151,8,26,40,26,17,8,26,0,0,76,113,65
22/3/21,Monday,88,84,,March,FALSE,TRUE,FALSE,FALSE,105,6,18,27,18,12,6,18,0,0,36,86,50
23/3/21,Tuesday,103,96,,March,FALSE,TRUE,TRUE,FALSE,88,5,15,23,15,10,5,15,0,0,51,93,55
24/3/21,Wednesday,80,0,,March,FALSE,FALSE,FALSE,FALSE,69,4,12,17,12,8,4,12,0,0,38,26,16
25/3/21,Thursday,87,83,,March,FALSE,TRUE,FALSE,FALSE,96,5,16,27,16,11,5,16,0,0,40,83,47
26/3/21,Friday,103,96,,March,FALSE,TRUE,TRUE,FALSE,91,5,16,23,16,10,5,16,0,0,52,95,52
27/3/21,Saturday,146,125,,March,TRUE,TRUE,TRUE,TRUE,138,8,24,34,24,16,8,24,0,0,73,119,79
28/3/21,Sunday,120,92,,March,FALSE,TRUE,TRUE,FALSE,133,7,23,35,23,15,7,23,0,0,59,93,60
29/3/21,Monday,87,85,,March,FALSE,TRUE,FALSE,FALSE,70,4,12,18,12,8,4,12,0,0,46,81,45
30/3/21,Tuesday,114,0,,March,FALSE,FALSE,TRUE,FALSE,128,7,22,33,22,15,7,22,0,0,49,39,26
31/3/21,Wednesday,114,83,,March,FALSE,TRUE,TRUE,FALSE,109,6,19,28,19,12,6,19,0,0,62,83,52
1/4/21,Thursday,112,84,,April,FALSE,TRUE,TRUE,FALSE,131,7,23,33,23,15,7,23,0,0,56,89,51
2/4/21,Friday,126,139,Good Friday,April,FALSE,TRUE,TRUE,TRUE,140,8,24,36,24,16,8,24,0,0,63,135,67
3/4/21,Saturday,145,147,,April,TRUE,TRUE,TRUE,TRUE,116,6,20,31,20,13,6,20,0,0,66,150,76
4/4/21,Sunday,136,84,,April,FALSE,TRUE,TRUE,FALSE,124,7,21,33,21,14,7,21,0,0,71,101,48
5/4/21,Monday,86,0,,April,FALSE,FALSE,FALSE,FALSE,93,5,16,25,16,10,5,16,0,0,52,16,18
6/4/21,Tuesday,88,0,,April,FALSE,FALSE,FALSE,FALSE,75,4,13,20,13,8,4,13,0,0,50,16,22
7/4/21,Wednesday,87,0,,April,FALSE,FALSE,FALSE,FALSE,104,6,18,26,18,12,6,18,0,0,41,21,25
8/4/21,Thursday,91,0,,April,FALSE,FALSE,FALSE,FALSE,110,6,19,29,19,12,6,19,0,0,43,32,16
9/4/21,Friday,113,0,,April,FALSE,FALSE,TRUE,FALSE,100,5,17,28,17,11,5,17,0,0,53,36,24
10/4/21,Saturday,121,0,,April,FALSE,FALSE,TRUE,FALSE,136,8,24,32,24,16,8,24,0,0,49,44,28
11/4/21,Sunday,120,0,,April,FALSE,FALSE,TRUE,FALSE,94,5,16,25,16,11,5,16,0,0,59,38,23
12/4/21,Monday,103,94,,April,FALSE,TRUE,TRUE,FALSE,100,5,17,28,17,11,5,17,0,0,47,99,51
13/4/21,Tuesday,116,0,,April,FALSE,FALSE,TRUE,FALSE,88,5,15,23,15,10,5,15,0,0,54,40,22
14/4/21,Wednesday,114,0,,April,FALSE,FALSE,TRUE,FALSE,88,5,15,23,15,10,5,15,0,0,50,39,25
15/4/21,Thursday,119,0,,April,FALSE,FALSE,TRUE,FALSE,146,8,25,38,25,17,8,25,0,0,57,36,26
16/4/21,Friday,101,0,,April,FALSE,FALSE,TRUE,FALSE,114,6,20,29,20,13,6,20,0,0,53,32,16
17/4/21,Saturday,133,98,,April,FALSE,TRUE,TRUE,FALSE,119,7,21,28,21,14,7,21,0,0,54,110,67
18/4/21,Sunday,111,112,,April,FALSE,TRUE,TRUE,TRUE,132,7,23,34,23,15,7,23,0,0,47,118,58
19/4/21,Monday,80,0,,April,FALSE,FALSE,FALSE,FALSE,88,5,15,23,15,10,5,15,0,0,38,26,16
20/4/21,Tuesday,114,0,,April,FALSE,FALSE,TRUE,FALSE,124,7,21,33,21,14,7,21,0,0,56,35,23
21/4/21,Wednesday,116,80,,April,FALSE,TRUE,TRUE,FALSE,127,7,22,33,22,14,7,22,0,0,69,81,46
22/4/21,Thursday,93,0,,April,FALSE,FALSE,FALSE,FALSE,108,6,19,27,19,12,6,19,0,0,39,33,21
23/4/21,Friday,82,0,,April,FALSE,FALSE,FALSE,FALSE,78,4,13,22,13,9,4,13,0,0,47,18,17
24/4/21,Saturday,125,0,,April,FALSE,FALSE,TRUE,FALSE,105,6,18,27,18,12,6,18,0,0,72,36,17
25/4/21,Sunday,120,0,,April,FALSE,FALSE,TRUE,FALSE,96,5,16,27,16,11,5,16,0,0,50,43,27
26/4/21,Monday,105,0,,April,FALSE,FALSE,TRUE,FALSE,100,5,17,28,17,11,5,17,0,0,51,32,22
27/4/21,Tuesday,116,103,,April,TRUE,TRUE,TRUE,TRUE,115,6,20,30,20,13,6,20,0,0,50,105,64
28/4/21,Wednesday,118,0,,April,FALSE,FALSE,TRUE,FALSE,128,7,22,33,22,15,7,22,0,0,59,40,19
29/4/21,Thursday,132,117,,April,TRUE,TRUE,TRUE,TRUE,131,7,23,33,23,15,7,23,0,0,59,114,76
30/4/21,Friday,88,83,,April,FALSE,TRUE,FALSE,FALSE,82,4,14,23,14,9,4,14,0,0,38,86,47
1/5/21,Saturday,202,162,Labour Day,May,FALSE,TRUE,TRUE,TRUE,153,9,27,36,27,18,9,27,0,0,101,162,101
2/5/21,Sunday,125,0,,May,FALSE,FALSE,TRUE,FALSE,98,5,17,26,17,11,5,17,0,0,62,38,25
3/5/21,Monday,105,63,,May,FALSE,TRUE,TRUE,FALSE,98,5,17,26,17,11,5,17,0,0,49,75,44
4/5/21,Tuesday,92,93,,May,FALSE,TRUE,FALSE,FALSE,112,6,19,30,19,13,6,19,0,0,41,88,56
5/5/21,Wednesday,111,82,,May,FALSE,TRUE,TRUE,FALSE,102,6,18,24,18,12,6,18,0,0,50,92,51
6/5/21,Thursday,118,0,,May,FALSE,FALSE,TRUE,FALSE,146,8,25,38,25,17,8,25,0,0,55,36,27
7/5/21,Friday,111,0,,May,FALSE,FALSE,TRUE,FALSE,116,6,20,31,20,13,6,20,0,0,42,44,25
8/5/21,Saturday,135,0,,May,FALSE,FALSE,TRUE,FALSE,121,7,21,30,21,14,7,21,0,0,63,40,32
9/5/21,Sunday,148,93,,May,FALSE,TRUE,TRUE,FALSE,121,7,21,30,21,14,7,21,0,0,75,103,63
10/5/21,Monday,116,0,,May,FALSE,FALSE,TRUE,FALSE,105,6,18,27,18,12,6,18,0,0,59,40,17
11/5/21,Tuesday,102,81,,May,FALSE,TRUE,TRUE,FALSE,78,4,13,22,13,9,4,13,0,0,51,80,52
12/5/21,Wednesday,118,0,,May,FALSE,FALSE,TRUE,FALSE,115,6,20,30,20,13,6,20,0,0,62,37,19
13/5/21,Thursday,141,136,Hari Raya Puasa,May,FALSE,TRUE,TRUE,TRUE,141,8,24,37,24,16,8,24,0,0,78,124,75
14/5/21,Friday,108,90,,May,FALSE,TRUE,TRUE,FALSE,128,7,22,33,22,15,7,22,0,0,54,95,49
15/5/21,Saturday,153,116,,May,TRUE,TRUE,TRUE,TRUE,148,8,26,37,26,17,8,26,0,0,75,121,73
16/5/21,Sunday,121,0,,May,FALSE,FALSE,TRUE,FALSE,116,6,20,31,20,13,6,20,0,0,65,30,26
17/5/21,Monday,111,0,,May,FALSE,FALSE,TRUE,FALSE,95,5,16,26,16,11,5,16,0,0,70,22,19
18/5/21,Tuesday,86,61,,May,FALSE,TRUE,FALSE,FALSE,89,5,15,24,15,10,5,15,0,0,40,67,40
19/5/21,Wednesday,126,86,,May,TRUE,TRUE,TRUE,FALSE,105,6,18,27,18,12,6,18,0,0,57,98,57
20/5/21,Thursday,107,0,,May,FALSE,FALSE,TRUE,FALSE,97,5,17,25,17,11,5,17,0,0,48,37,22
21/5/21,Friday,81,0,,May,FALSE,FALSE,FALSE,FALSE,93,5,16,25,16,10,5,16,0,0,37,23,21
22/5/21,Saturday,118,104,,May,FALSE,TRUE,TRUE,TRUE,101,5,17,29,17,11,5,17,0,0,51,112,59
23/5/21,Sunday,167,112,,May,TRUE,TRUE,TRUE,TRUE,139,8,24,35,24,16,8,24,0,0,90,124,65
24/5/21,Monday,107,0,,May,FALSE,FALSE,TRUE,FALSE,130,7,22,35,22,15,7,22,0,0,51,32,24
25/5/21,Tuesday,99,93,,May,FALSE,TRUE,FALSE,FALSE,75,4,13,20,13,8,4,13,0,0,40,96,56
26/5/21,Wednesday,163,127,Vesak Day,May,FALSE,TRUE,TRUE,TRUE,172,10,30,42,30,20,10,30,0,0,90,125,75
27/5/21,Thursday,90,83,,May,FALSE,TRUE,FALSE,FALSE,91,5,16,23,16,10,5,16,0,0,48,76,49
28/5/21,Friday,107,88,,May,FALSE,TRUE,TRUE,FALSE,113,6,19,31,19,13,6,19,0,0,58,85,52
29/5/21,Saturday,108,0,,May,FALSE,FALSE,TRUE,FALSE,96,5,16,27,16,11,5,16,0,0,49,38,21
30/5/21,Sunday,125,106,,May,FALSE,TRUE,TRUE,TRUE,143,8,25,36,25,16,8,25,0,0,73,97,61
31/5/21,Monday,112,0,,May,FALSE,FALSE,TRUE,FALSE,120,7,21,29,21,14,7,21,0,0,57,35,20
1/6/21,Tuesday,120,136,,June,TRUE,TRUE,TRUE,TRUE,111,6,19,29,19,13,6,19,0,0,54,124,78
2/6/21,Wednesday,127,0,,June,FALSE,FALSE,TRUE,FALSE,126,7,22,32,22,14,7,22,0,0,59,42,26
3/6/21,Thursday,110,0,,June,FALSE,FALSE,TRUE,FALSE,135,7,23,37,23,15,7,23,0,0,47,41,22
4/6/21,Friday,98,91,,June,FALSE,TRUE,FALSE,FALSE,118,6,20,33,20,13,6,20,0,0,53,82,54
5/6/21,Saturday,120,0,,June,FALSE,FALSE,TRUE,FALSE,112,6,19,30,19,13,6,19,0,0,53,39,28
6/6/21,Sunday,148,0,,June,FALSE,FALSE,TRUE,FALSE,175,10,30,45,30,20,10,30,0,0,81,44,23
7/6/21,Monday,104,0,,June,FALSE,FALSE,TRUE,FALSE,111,6,19,29,19,13,6,19,0,0,52,28,24
8/6/21,Tuesday,158,102,,June,TRUE,TRUE,TRUE,TRUE,159,9,28,39,28,18,9,28,0,0,80,109,71
9/6/21,Wednesday,105,0,,June,FALSE,FALSE,TRUE,FALSE,88,5,15,23,15,10,5,15,0,0,46,37,22
10/6/21,Thursday,139,79,,June,FALSE,TRUE,TRUE,FALSE,157,9,27,40,27,18,9,27,0,0,74,92,52
11/6/21,Friday,134,0,,June,FALSE,FALSE,TRUE,FALSE,165,9,29,41,29,19,9,29,0,0,66,40,28
12/6/21,Saturday,160,120,,June,FALSE,TRUE,TRUE,TRUE,168,9,29,44,29,19,9,29,0,0,78,122,80
13/6/21,Sunday,122,109,,June,FALSE,TRUE,TRUE,TRUE,105,6,18,27,18,12,6,18,0,0,70,102,59
14/6/21,Monday,133,0,,June,FALSE,FALSE,TRUE,FALSE,119,7,21,28,21,14,7,21,0,0,74,40,19
15/6/21,Tuesday,166,120,,June,TRUE,TRUE,TRUE,TRUE,152,8,26,41,26,17,8,26,0,0,83,129,74
16/6/21,Wednesday,123,0,,June,FALSE,FALSE,TRUE,FALSE,153,9,27,36,27,18,9,27,0,0,75,25,23
17/6/21,Thursday,109,98,,June,FALSE,TRUE,TRUE,FALSE,113,6,19,31,19,13,6,19,0,0,49,98,60
18/6/21,Friday,141,0,,June,FALSE,FALSE,TRUE,FALSE,139,8,24,35,24,16,8,24,0,0,71,44,26
19/6/21,Saturday,164,0,,June,FALSE,FALSE,TRUE,FALSE,195,11,34,49,34,22,11,34,0,0,75,50,39
20/6/21,Sunday,159,138,,June,FALSE,TRUE,TRUE,TRUE,159,9,28,39,28,18,9,28,0,0,69,142,86
21/6/21,Monday,139,99,,June,FALSE,TRUE,TRUE,FALSE,143,8,25,36,25,16,8,25,0,0,58,114,66
22/6/21,Tuesday,115,111,,June,FALSE,TRUE,TRUE,TRUE,121,7,21,30,21,14,7,21,0,0,51,111,64
23/6/21,Wednesday,97,88,,June,FALSE,TRUE,FALSE,FALSE,111,6,19,29,19,13,6,19,0,0,50,83,52
24/6/21,Thursday,97,0,,June,FALSE,FALSE,FALSE,FALSE,76,4,13,21,13,8,4,13,0,0,53,20,24
25/6/21,Friday,128,0,,June,FALSE,FALSE,TRUE,FALSE,148,8,26,37,26,17,8,26,0,0,70,34,24
26/6/21,Saturday,139,0,,June,FALSE,FALSE,TRUE,FALSE,170,10,30,40,30,20,10,30,0,0,77,36,26
27/6/21,Sunday,130,121,,June,FALSE,TRUE,TRUE,TRUE,113,6,19,31,19,13,6,19,0,0,68,106,77
28/6/21,Monday,133,0,,June,FALSE,FALSE,TRUE,FALSE,110,6,19,29,19,12,6,19,0,0,66,37,30
29/6/21,Tuesday,134,0,,June,FALSE,FALSE,TRUE,FALSE,154,9,27,37,27,18,9,27,0,0,64,50,20
30/6/21,Wednesday,96,74,,June,FALSE,TRUE,FALSE,FALSE,73,4,12,21,12,8,4,12,0,0,48,77,45
1/7/21,Thursday,117,118,,July,FALSE,TRUE,TRUE,TRUE,97,5,17,25,17,11,5,17,0,0,51,119,65
2/7/21,Friday,97,0,,July,FALSE,FALSE,FALSE,FALSE,109,6,19,28,19,12,6,19,0,0,43,35,19
3/7/21,Saturday,141,0,,July,FALSE,FALSE,TRUE,FALSE,137,8,24,33,24,16,8,24,0,0,70,41,30
4/7/21,Sunday,128,0,,July,FALSE,FALSE,TRUE,FALSE,149,8,26,38,26,17,8,26,0,0,69,37,22
5/7/21,Monday,102,0,,July,FALSE,FALSE,TRUE,FALSE,95,5,16,26,16,11,5,16,0,0,59,28,15
6/7/21,Tuesday,133,72,,July,FALSE,TRUE,TRUE,FALSE,154,9,27,37,27,18,9,27,0,0,62,84,59
7/7/21,Wednesday,99,81,,July,FALSE,TRUE,FALSE,FALSE,124,7,21,33,21,14,7,21,0,0,53,78,49
8/7/21,Thursday,108,103,,July,FALSE,TRUE,TRUE,TRUE,113,6,19,31,19,13,6,19,0,0,49,96,66
9/7/21,Friday,115,100,,July,FALSE,TRUE,TRUE,FALSE,117,6,20,32,20,13,6,20,0,0,54,101,60
10/7/21,Saturday,138,0,,July,FALSE,FALSE,TRUE,FALSE,119,7,21,28,21,14,7,21,0,0,65,47,26
11/7/21,Sunday,126,120,,July,FALSE,TRUE,TRUE,TRUE,154,9,27,37,27,18,9,27,0,0,62,119,65
12/7/21,Monday,100,91,,July,FALSE,TRUE,FALSE,FALSE,104,6,18,26,18,12,6,18,0,0,57,80,54
13/7/21,Tuesday,135,0,,July,FALSE,FALSE,TRUE,FALSE,147,8,25,39,25,17,8,25,0,0,70,44,21
14/7/21,Wednesday,102,111,,July,FALSE,TRUE,TRUE,TRUE,92,5,16,24,16,10,5,16,0,0,57,103,53
15/7/21,Thursday,151,127,,July,TRUE,TRUE,TRUE,TRUE,188,11,33,45,33,22,11,33,0,0,77,126,75
16/7/21,Friday,108,102,,July,FALSE,TRUE,TRUE,TRUE,132,7,23,34,23,15,7,23,0,0,48,101,61
17/7/21,Saturday,170,175,,July,TRUE,TRUE,TRUE,TRUE,190,11,33,47,33,22,11,33,0,0,96,165,84
18/7/21,Sunday,150,128,,July,FALSE,TRUE,TRUE,TRUE,125,7,22,31,22,14,7,22,0,0,84,126,68
19/7/21,Monday,105,0,,July,FALSE,FALSE,TRUE,FALSE,104,6,18,26,18,12,6,18,0,0,41,37,27
20/7/21,Tuesday,102,100,,July,FALSE,TRUE,TRUE,FALSE,84,4,14,25,14,9,4,14,0,0,42,93,67
21/7/21,Wednesday,114,0,,July,FALSE,FALSE,TRUE,FALSE,94,5,16,25,16,11,5,16,0,0,56,30,28
22/7/21,Thursday,129,0,,July,FALSE,FALSE,TRUE,FALSE,149,8,26,38,26,17,8,26,0,0,61,42,26
23/7/21,Friday,98,0,,July,FALSE,FALSE,FALSE,FALSE,105,6,18,27,18,12,6,18,0,0,42,29,27
24/7/21,Saturday,130,0,,July,FALSE,FALSE,TRUE,FALSE,108,6,19,27,19,12,6,19,0,0,69,33,28
25/7/21,Sunday,138,0,,July,FALSE,FALSE,TRUE,FALSE,150,8,26,39,26,17,8,26,0,0,72,37,29
26/7/21,Monday,117,92,,July,FALSE,TRUE,TRUE,FALSE,103,6,18,25,18,12,6,18,0,0,62,95,52
27/7/21,Tuesday,126,0,,July,FALSE,FALSE,TRUE,FALSE,114,6,20,29,20,13,6,20,0,0,65,32,29
28/7/21,Wednesday,98,0,,July,FALSE,FALSE,FALSE,FALSE,102,6,18,24,18,12,6,18,0,0,60,23,15
29/7/21,Thursday,117,0,,July,FALSE,FALSE,TRUE,FALSE,133,7,23,35,23,15,7,23,0,0,63,34,20
30/7/21,Friday,118,0,,July,FALSE,FALSE,TRUE,FALSE,116,6,20,31,20,13,6,20,0,0,58,35,25
31/7/21,Saturday,181,162,,July,TRUE,TRUE,TRUE,TRUE,165,9,29,41,29,19,9,29,0,0,92,161,90
1/8/21,Sunday,127,139,,August,FALSE,TRUE,TRUE,TRUE,132,7,23,34,23,15,7,23,0,0,70,115,81
2/8/21,Monday,134,0,,August,FALSE,FALSE,TRUE,FALSE,127,7,22,33,22,14,7,22,0,0,65,42,27
3/8/21,Tuesday,142,109,,August,FALSE,TRUE,TRUE,TRUE,176,10,31,43,31,20,10,31,0,0,69,108,74
4/8/21,Wednesday,141,110,,August,FALSE,TRUE,TRUE,TRUE,156,9,27,39,27,18,9,27,0,0,65,120,66
5/8/21,Thursday,116,84,,August,FALSE,TRUE,TRUE,FALSE,137,8,24,33,24,16,8,24,0,0,58,87,55
6/8/21,Friday,142,80,,August,FALSE,TRUE,TRUE,FALSE,109,6,19,28,19,12,6,19,0,0,74,92,56
7/8/21,Saturday,128,98,,August,FALSE,TRUE,TRUE,FALSE,137,8,24,33,24,16,8,24,0,0,69,95,62
8/8/21,Sunday,178,0,,August,FALSE,FALSE,TRUE,FALSE,210,12,37,51,37,24,12,37,0,0,94,50,34
9/8/21,Monday,192,122,National Day,August,FALSE,TRUE,TRUE,TRUE,211,12,37,52,37,24,12,37,0,0,97,141,76
10/8/21,Tuesday,124,0,,August,FALSE,FALSE,TRUE,FALSE,127,7,22,33,22,14,7,22,0,0,65,40,19
11/8/21,Wednesday,122,78,,August,FALSE,TRUE,TRUE,FALSE,149,8,26,38,26,17,8,26,0,0,61,88,51
12/8/21,Thursday,165,143,,August,TRUE,TRUE,TRUE,TRUE,177,10,31,44,31,20,10,31,0,0,90,135,83
13/8/21,Friday,130,0,,August,FALSE,FALSE,TRUE,FALSE,156,9,27,39,27,18,9,27,0,0,67,41,22
14/8/21,Saturday,206,155,,August,TRUE,TRUE,TRUE,TRUE,237,13,41,61,41,27,13,41,0,0,113,156,92
15/8/21,Sunday,160,122,,August,FALSE,TRUE,TRUE,TRUE,170,10,30,40,30,20,10,30,0,0,68,140,74
16/8/21,Monday,114,0,,August,FALSE,FALSE,TRUE,FALSE,142,8,25,35,25,16,8,25,0,0,65,29,20
17/8/21,Tuesday,126,0,,August,FALSE,FALSE,TRUE,FALSE,103,6,18,25,18,12,6,18,0,0,68,30,28
18/8/21,Wednesday,97,73,,August,FALSE,TRUE,FALSE,FALSE,73,4,12,21,12,8,4,12,0,0,50,72,48
19/8/21,Thursday,96,111,,August,FALSE,TRUE,FALSE,TRUE,113,6,19,31,19,13,6,19,0,0,43,101,63
20/8/21,Friday,109,105,,August,FALSE,TRUE,TRUE,TRUE,90,5,15,25,15,10,5,15,0,0,61,98,55
21/8/21,Saturday,156,0,,August,FALSE,FALSE,TRUE,FALSE,169,9,29,45,29,19,9,29,0,0,79,41,36
22/8/21,Sunday,147,0,,August,FALSE,FALSE,TRUE,FALSE,133,7,23,35,23,15,7,23,0,0,71,48,28
23/8/21,Monday,133,0,,August,FALSE,FALSE,TRUE,FALSE,162,9,28,41,28,19,9,28,0,0,64,29,40
24/8/21,Tuesday,105,0,,August,FALSE,FALSE,TRUE,FALSE,81,4,14,22,14,9,4,14,0,0,55,32,18
25/8/21,Wednesday,136,99,,August,FALSE,TRUE,TRUE,FALSE,137,8,24,33,24,16,8,24,0,0,68,106,61
26/8/21,Thursday,146,140,,August,TRUE,TRUE,TRUE,TRUE,125,7,22,31,22,14,7,22,0,0,73,140,73
27/8/21,Friday,114,0,,August,FALSE,FALSE,TRUE,FALSE,116,6,20,31,20,13,6,20,0,0,58,32,24
28/8/21,Saturday,163,111,,August,FALSE,TRUE,TRUE,TRUE,138,8,24,34,24,16,8,24,0,0,85,130,59
29/8/21,Sunday,170,134,,August,FALSE,TRUE,TRUE,TRUE,167,9,29,43,29,19,9,29,0,0,83,145,76
30/8/21,Monday,123,0,,August,FALSE,FALSE,TRUE,FALSE,111,6,19,29,19,13,6,19,0,0,60,40,23
31/8/21,Tuesday,134,0,,August,FALSE,FALSE,TRUE,FALSE,137,8,24,33,24,16,8,24,0,0,57,39,38
1/9/21,Wednesday,103,0,,September,FALSE,FALSE,TRUE,FALSE,123,7,21,32,21,14,7,21,0,0,48,35,20
2/9/21,Thursday,90,95,,September,FALSE,TRUE,FALSE,FALSE,82,4,14,23,14,9,4,14,0,0,46,85,54
3/9/21,Friday,87,0,,September,FALSE,FALSE,FALSE,FALSE,83,4,14,24,14,9,4,14,0,0,46,27,14
4/9/21,Saturday,114,0,,September,FALSE,FALSE,TRUE,FALSE,127,7,22,33,22,14,7,22,0,0,59,32,23
5/9/21,Sunday,148,0,,September,FALSE,FALSE,TRUE,FALSE,143,8,25,36,25,16,8,25,0,0,76,50,22
6/9/21,Monday,119,70,,September,FALSE,TRUE,TRUE,FALSE,111,6,19,29,19,13,6,19,0,0,60,80,49
7/9/21,Tuesday,99,68,,September,FALSE,TRUE,FALSE,FALSE,123,7,21,32,21,14,7,21,0,0,58,72,37
8/9/21,Wednesday,114,94,,September,FALSE,TRUE,TRUE,FALSE,138,8,24,34,24,16,8,24,0,0,51,93,64
9/9/21,Thursday,104,0,,September,FALSE,FALSE,TRUE,FALSE,118,6,20,33,20,13,6,20,0,0,56,30,18
10/9/21,Friday,114,0,,September,FALSE,FALSE,TRUE,FALSE,117,6,20,32,20,13,6,20,0,0,49,40,25
11/9/21,Saturday,117,96,,September,FALSE,TRUE,TRUE,FALSE,101,5,17,29,17,11,5,17,0,0,51,99,63
12/9/21,Sunday,132,101,,September,FALSE,TRUE,TRUE,TRUE,133,7,23,35,23,15,7,23,0,0,68,105,60
13/9/21,Monday,97,0,,September,FALSE,FALSE,FALSE,FALSE,108,6,19,27,19,12,6,19,0,0,58,22,17
14/9/21,Tuesday,97,70,,September,FALSE,TRUE,FALSE,FALSE,121,7,21,30,21,14,7,21,0,0,43,79,45
15/9/21,Wednesday,81,0,,September,FALSE,FALSE,FALSE,FALSE,65,3,11,19,11,7,3,11,0,0,44,18,19
16/9/21,Thursday,114,78,,September,FALSE,TRUE,TRUE,FALSE,98,5,17,26,17,11,5,17,0,0,54,82,56
17/9/21,Friday,95,70,,September,FALSE,TRUE,FALSE,FALSE,104,6,18,26,18,12,6,18,0,0,53,71,41
18/9/21,Saturday,167,107,,September,TRUE,TRUE,TRUE,TRUE,169,9,29,45,29,19,9,29,0,0,84,122,68
19/9/21,Sunday,141,110,,September,FALSE,TRUE,TRUE,TRUE,127,7,22,33,22,14,7,22,0,0,75,104,72
20/9/21,Monday,83,74,,September,FALSE,TRUE,FALSE,FALSE,97,5,17,25,17,11,5,17,0,0,37,75,45
21/9/21,Tuesday,140,87,,September,TRUE,TRUE,TRUE,FALSE,143,8,25,36,25,16,8,25,0,0,68,95,64
22/9/21,Wednesday,93,0,,September,FALSE,FALSE,FALSE,FALSE,106,6,18,28,18,12,6,18,0,0,57,26,10
23/9/21,Thursday,100,74,,September,FALSE,TRUE,FALSE,FALSE,99,5,17,27,17,11,5,17,0,0,51,76,47
24/9/21,Friday,99,0,,September,FALSE,FALSE,FALSE,FALSE,97,5,17,25,17,11,5,17,0,0,36,40,23
25/9/21,Saturday,131,98,,September,FALSE,TRUE,TRUE,FALSE,106,6,18,28,18,12,6,18,0,0,63,102,64
26/9/21,Sunday,163,100,,September,TRUE,TRUE,TRUE,FALSE,189,11,33,46,33,22,11,33,0,0,79,115,69
27/9/21,Monday,82,66,,September,FALSE,TRUE,FALSE,FALSE,75,4,13,20,13,8,4,13,0,0,47,66,35
28/9/21,Tuesday,96,73,,September,FALSE,TRUE,FALSE,FALSE,111,6,19,29,19,13,6,19,0,0,51,70,48
29/9/21,Wednesday,112,69,,September,FALSE,TRUE,TRUE,FALSE,89,5,15,24,15,10,5,15,0,0,59,76,46
30/9/21,Thursday,91,86,,September,FALSE,TRUE,FALSE,FALSE,70,4,12,18,12,8,4,12,0,0,48,81,48
1/10/21,Friday,101,83,,October,FALSE,TRUE,TRUE,FALSE,76,4,13,21,13,8,4,13,0,0,50,80,54
2/10/21,Saturday,128,0,,October,FALSE,FALSE,TRUE,FALSE,129,7,22,34,22,15,7,22,0,0,60,43,25
3/10/21,Sunday,143,0,,October,FALSE,FALSE,TRUE,FALSE,122,7,21,31,21,14,7,21,0,0,74,37,32
4/10/21,Monday,117,0,,October,FALSE,FALSE,TRUE,FALSE,95,5,16,26,16,11,5,16,0,0,64,29,24
5/10/21,Tuesday,117,82,,October,FALSE,TRUE,TRUE,FALSE,115,6,20,30,20,13,6,20,0,0,61,80,58
6/10/21,Wednesday,87,93,,October,FALSE,TRUE,FALSE,FALSE,67,3,11,21,11,7,3,11,0,0,38,93,49
7/10/21,Thursday,132,122,,October,TRUE,TRUE,TRUE,TRUE,161,9,28,41,28,18,9,28,0,0,67,120,67
8/10/21,Friday,132,121,,October,TRUE,TRUE,TRUE,TRUE,128,7,22,33,22,15,7,22,0,0,76,117,60
9/10/21,Saturday,124,0,,October,FALSE,FALSE,TRUE,FALSE,132,7,23,34,23,15,7,23,0,0,60,36,28
10/10/21,Sunday,138,0,,October,FALSE,FALSE,TRUE,FALSE,114,6,20,29,20,13,6,20,0,0,76,39,23
11/10/21,Monday,109,77,,October,FALSE,TRUE,TRUE,FALSE,120,7,21,29,21,14,7,21,0,0,57,81,48
12/10/21,Tuesday,112,94,,October,FALSE,TRUE,TRUE,FALSE,96,5,16,27,16,11,5,16,0,0,55,99,52
13/10/21,Wednesday,107,0,,October,FALSE,FALSE,TRUE,FALSE,132,7,23,34,23,15,7,23,0,0,56,37,14
14/10/21,Thursday,112,0,,October,FALSE,FALSE,TRUE,FALSE,114,6,20,29,20,13,6,20,0,0,59,27,26
15/10/21,Friday,84,0,,October,FALSE,FALSE,FALSE,FALSE,83,4,14,24,14,9,4,14,0,0,45,22,17
16/10/21,Saturday,102,0,,October,FALSE,FALSE,TRUE,FALSE,118,6,20,33,20,13,6,20,0,0,61,26,15
17/10/21,Sunday,144,0,,October,FALSE,FALSE,TRUE,FALSE,161,9,28,41,28,18,9,28,0,0,74,40,30
18/10/21,Monday,114,0,,October,FALSE,FALSE,TRUE,FALSE,92,5,16,24,16,10,5,16,0,0,61,28,25
19/10/21,Tuesday,96,82,,October,FALSE,TRUE,FALSE,FALSE,78,4,13,22,13,9,4,13,0,0,45,82,51
20/10/21,Wednesday,107,0,,October,FALSE,FALSE,TRUE,FALSE,92,5,16,24,16,10,5,16,0,0,50,38,19
21/10/21,Thursday,109,90,,October,FALSE,TRUE,TRUE,FALSE,94,5,16,25,16,11,5,16,0,0,58,93,48
22/10/21,Friday,108,90,,October,FALSE,TRUE,TRUE,FALSE,93,5,16,25,16,10,5,16,0,0,54,88,56
23/10/21,Saturday,136,92,,October,FALSE,TRUE,TRUE,FALSE,167,9,29,43,29,19,9,29,0,0,74,95,59
24/10/21,Sunday,155,106,,October,TRUE,TRUE,TRUE,TRUE,140,8,24,36,24,16,8,24,0,0,86,112,63
25/10/21,Monday,116,0,,October,FALSE,FALSE,TRUE,FALSE,111,6,19,29,19,13,6,19,0,0,52,30,34
26/10/21,Tuesday,103,66,,October,FALSE,TRUE,TRUE,FALSE,128,7,22,33,22,15,7,22,0,0,50,77,42
27/10/21,Wednesday,108,0,,October,FALSE,FALSE,TRUE,FALSE,83,4,14,24,14,9,4,14,0,0,52,35,21
28/10/21,Thursday,110,77,,October,FALSE,TRUE,TRUE,FALSE,115,6,20,30,20,13,6,20,0,0,65,79,43
29/10/21,Friday,114,79,,October,FALSE,TRUE,TRUE,FALSE,91,5,16,23,16,10,5,16,0,0,61,84,48
30/10/21,Saturday,114,0,,October,FALSE,FALSE,TRUE,FALSE,100,5,17,28,17,11,5,17,0,0,51,41,22
31/10/21,Sunday,148,0,,October,FALSE,FALSE,TRUE,FALSE,143,8,25,36,25,16,8,25,0,0,72,52,24
1/11/21,Monday,111,0,,November,FALSE,FALSE,TRUE,FALSE,89,5,15,24,15,10,5,15,0,0,52,37,22
2/11/21,Tuesday,102,85,,November,FALSE,TRUE,TRUE,FALSE,113,6,19,31,19,13,6,19,0,0,53,86,48
3/11/21,Wednesday,112,94,,November,FALSE,TRUE,TRUE,FALSE,121,7,21,30,21,14,7,21,0,0,55,92,59
4/11/21,Thursday,123,199,Deepavali,November,FALSE,TRUE,TRUE,TRUE,141,8,24,37,24,16,8,24,0,0,70,160,92
5/11/21,Friday,97,93,,November,FALSE,TRUE,FALSE,FALSE,111,6,19,29,19,13,6,19,0,0,44,88,58
6/11/21,Saturday,142,0,,November,FALSE,FALSE,TRUE,FALSE,133,7,23,35,23,15,7,23,0,0,73,37,32
7/11/21,Sunday,105,83,,November,FALSE,TRUE,TRUE,FALSE,119,7,21,28,21,14,7,21,0,0,57,83,48
8/11/21,Monday,82,96,,November,FALSE,TRUE,FALSE,FALSE,63,3,11,17,11,7,3,11,0,0,43,86,49
9/11/21,Tuesday,119,0,,November,FALSE,FALSE,TRUE,FALSE,112,6,19,30,19,13,6,19,0,0,54,39,26
10/11/21,Wednesday,103,70,,November,FALSE,TRUE,TRUE,FALSE,86,5,15,21,15,10,5,15,0,0,56,71,46
11/11/21,Thursday,111,0,,November,FALSE,FALSE,TRUE,FALSE,103,6,18,25,18,12,6,18,0,0,52,35,24
12/11/21,Friday,101,78,,November,FALSE,TRUE,TRUE,FALSE,91,5,16,23,16,10,5,16,0,0,53,78,48
13/11/21,Saturday,133,85,,November,FALSE,TRUE,TRUE,FALSE,143,8,25,36,25,16,8,25,0,0,69,98,51
14/11/21,Sunday,155,106,,November,TRUE,TRUE,TRUE,TRUE,128,7,22,33,22,15,7,22,0,0,74,119,68
15/11/21,Monday,106,0,,November,FALSE,FALSE,TRUE,FALSE,116,6,20,31,20,13,6,20,0,0,50,26,30
16/11/21,Tuesday,81,0,,November,FALSE,FALSE,FALSE,FALSE,85,5,15,20,15,10,5,15,0,0,45,25,11
17/11/21,Wednesday,131,98,,November,TRUE,TRUE,TRUE,FALSE,104,6,18,26,18,12,6,18,0,0,70,102,57
18/11/21,Thursday,96,63,,November,FALSE,TRUE,FALSE,FALSE,90,5,15,25,15,10,5,15,0,0,46,72,41
19/11/21,Friday,119,0,,November,FALSE,FALSE,TRUE,FALSE,96,5,16,27,16,11,5,16,0,0,51,46,22
20/11/21,Saturday,144,109,,November,FALSE,TRUE,TRUE,TRUE,170,10,30,40,30,20,10,30,0,0,62,120,71
21/11/21,Sunday,145,109,,November,FALSE,TRUE,TRUE,TRUE,167,9,29,43,29,19,9,29,0,0,70,118,66
22/11/21,Monday,118,89,,November,FALSE,TRUE,TRUE,FALSE,111,6,19,29,19,13,6,19,0,0,63,91,53
23/11/21,Tuesday,108,92,,November,FALSE,TRUE,TRUE,FALSE,82,4,14,23,14,9,4,14,0,0,54,95,51
24/11/21,Wednesday,105,90,,November,FALSE,TRUE,TRUE,FALSE,107,6,18,29,18,12,6,18,0,0,44,91,60
25/11/21,Thursday,114,0,,November,FALSE,FALSE,TRUE,FALSE,133,7,23,35,23,15,7,23,0,0,61,31,22
26/11/21,Friday,104,60,,November,FALSE,TRUE,TRUE,FALSE,108,6,19,27,19,12,6,19,0,0,46,76,42
27/11/21,Saturday,148,0,,November,FALSE,FALSE,TRUE,FALSE,182,10,32,45,32,21,10,32,0,0,72,44,32
28/11/21,Sunday,127,121,,November,TRUE,TRUE,TRUE,TRUE,108,6,19,27,19,12,6,19,0,0,65,117,66
29/11/21,Monday,86,0,,November,FALSE,FALSE,FALSE,FALSE,67,3,11,21,11,7,3,11,0,0,45,20,21
30/11/21,Tuesday,115,0,,November,FALSE,FALSE,TRUE,FALSE,122,7,21,31,21,14,7,21,0,0,62,32,21
1/12/21,Wednesday,99,95,,December,FALSE,TRUE,FALSE,FALSE,116,6,20,31,20,13,6,20,0,0,51,94,49
2/12/21,Thursday,80,0,,December,FALSE,FALSE,FALSE,FALSE,68,4,12,16,12,8,4,12,0,0,41,25,14
3/12/21,Friday,87,0,,December,FALSE,FALSE,FALSE,FALSE,81,4,14,22,14,9,4,14,0,0,44,20,23
4/12/21,Saturday,148,82,,December,FALSE,TRUE,TRUE,FALSE,162,9,28,41,28,19,9,28,0,0,71,95,64
5/12/21,Sunday,108,0,,December,FALSE,FALSE,TRUE,FALSE,111,6,19,29,19,13,6,19,0,0,51,35,22
6/12/21,Monday,91,70,,December,FALSE,TRUE,FALSE,FALSE,94,5,16,25,16,11,5,16,0,0,45,72,44
7/12/21,Tuesday,102,0,,December,FALSE,FALSE,TRUE,FALSE,125,7,22,31,22,14,7,22,0,0,50,35,17
8/12/21,Wednesday,94,64,,December,FALSE,TRUE,FALSE,FALSE,104,6,18,26,18,12,6,18,0,0,47,68,43
9/12/21,Thursday,107,0,,December,FALSE,FALSE,TRUE,FALSE,129,7,22,34,22,15,7,22,0,0,54,32,21
10/12/21,Friday,141,108,,December,TRUE,TRUE,TRUE,TRUE,175,10,30,45,30,20,10,30,0,0,75,118,56
11/12/21,Saturday,149,81,,December,FALSE,TRUE,TRUE,FALSE,164,9,28,43,28,19,9,28,0,0,78,100,52
12/12/21,Sunday,117,0,,December,FALSE,FALSE,TRUE,FALSE,138,8,24,34,24,16,8,24,0,0,55,32,30
13/12/21,Monday,102,0,,December,FALSE,FALSE,TRUE,FALSE,126,7,22,32,22,14,7,22,0,0,40,37,25
14/12/21,Tuesday,101,98,,December,FALSE,TRUE,TRUE,FALSE,109,6,19,28,19,12,6,19,0,0,45,100,54
15/12/21,Wednesday,104,81,,December,FALSE,TRUE,TRUE,FALSE,88,5,15,23,15,10,5,15,0,0,46,86,53
16/12/21,Thursday,101,86,,December,FALSE,TRUE,TRUE,FALSE,104,6,18,26,18,12,6,18,0,0,38,95,54
17/12/21,Friday,101,0,,December,FALSE,FALSE,TRUE,FALSE,98,5,17,26,17,11,5,17,0,0,57,30,14
18/12/21,Saturday,137,110,,December,FALSE,TRUE,TRUE,TRUE,151,8,26,40,26,17,8,26,0,0,70,116,61
19/12/21,Sunday,112,0,,December,FALSE,FALSE,TRUE,FALSE,137,8,24,33,24,16,8,24,0,0,51,36,25
20/12/21,Monday,145,113,,December,TRUE,TRUE,TRUE,TRUE,139,8,24,35,24,16,8,24,0,0,89,108,61
21/12/21,Tuesday,112,62,,December,FALSE,TRUE,TRUE,FALSE,132,7,23,34,23,15,7,23,0,0,69,67,38
22/12/21,Wednesday,87,0,,December,FALSE,FALSE,FALSE,FALSE,106,6,18,28,18,12,6,18,0,0,41,34,12
23/12/21,Thursday,84,0,,December,FALSE,FALSE,FALSE,FALSE,73,4,12,21,12,8,4,12,0,0,41,28,15
24/12/21,Friday,147,117,,December,TRUE,TRUE,TRUE,TRUE,120,7,21,29,21,14,7,21,0,0,70,124,70
25/12/21,Saturday,204,133,Christmas Day,December,FALSE,TRUE,TRUE,TRUE,180,10,31,46,31,21,10,31,0,0,99,148,90
26/12/21,Sunday,133,115,,December,FALSE,TRUE,TRUE,TRUE,128,7,22,33,22,15,7,22,0,0,66,114,68
27/12/21,Monday,111,88,,December,FALSE,TRUE,TRUE,FALSE,90,5,15,25,15,10,5,15,0,0,59,86,54
28/12/21,Tuesday,109,89,,December,FALSE,TRUE,TRUE,FALSE,132,7,23,34,23,15,7,23,0,0,53,90,55
29/12/21,Wednesday,114,83,,December,FALSE,TRUE,TRUE,FALSE,96,5,16,27,16,11,5,16,0,0,64,83,50
30/12/21,Thursday,119,79,,December,FALSE,TRUE,TRUE,FALSE,121,7,21,30,21,14,7,21,0,0,55,87,56
31/12/21,Friday,95,64,,December,FALSE,TRUE,FALSE,FALSE,94,5,16,25,16,11,5,16,0,0,44,68,47
1/1/22,Saturday,162,121,New Year's Day,January,FALSE,TRUE,TRUE,TRUE,190,11,33,47,33,22,11,33,0,0,71,134,78
2/1/22,Sunday,102,109,,January,FALSE,TRUE,TRUE,TRUE,98,5,17,26,17,11,5,17,0,0,55,100,56
3/1/22,Monday,98,81,,January,FALSE,TRUE,FALSE,FALSE,111,6,19,29,19,13,6,19,0,0,60,75,44
4/1/22,Tuesday,96,63,,January,FALSE,TRUE,FALSE,FALSE,110,6,19,29,19,12,6,19,0,0,50,61,48
5/1/22,Wednesday,98,73,,January,FALSE,TRUE,FALSE,FALSE,97,5,17,25,17,11,5,17,0,0,46,77,48
6/1/22,Thursday,107,80,,January,FALSE,TRUE,TRUE,FALSE,98,5,17,26,17,11,5,17,0,0,57,73,57
7/1/22,Friday,105,0,,January,FALSE,FALSE,TRUE,FALSE,104,6,18,26,18,12,6,18,0,0,55,27,23
8/1/22,Saturday,114,0,,January,FALSE,FALSE,TRUE,FALSE,139,8,24,35,24,16,8,24,0,0,56,32,26
9/1/22,Sunday,139,0,,January,FALSE,FALSE,TRUE,FALSE,135,7,23,37,23,15,7,23,0,0,71,39,29
10/1/22,Monday,102,94,,January,FALSE,TRUE,TRUE,FALSE,80,4,14,21,14,9,4,14,0,0,49,88,59
11/1/22,Tuesday,88,0,,January,FALSE,FALSE,FALSE,FALSE,94,5,16,25,16,11,5,16,0,0,44,21,23
12/1/22,Wednesday,113,113,,January,TRUE,TRUE,TRUE,TRUE,101,5,17,29,17,11,5,17,0,0,54,104,68
13/1/22,Thursday,80,0,,January,FALSE,FALSE,FALSE,FALSE,83,4,14,24,14,9,4,14,0,0,46,22,12
14/1/22,Friday,80,80,,January,FALSE,TRUE,FALSE,FALSE,70,4,12,18,12,8,4,12,0,0,37,76,47
15/1/22,Saturday,114,0,,January,FALSE,FALSE,TRUE,FALSE,141,8,24,37,24,16,8,24,0,0,65,24,25
16/1/22,Sunday,137,113,,January,FALSE,TRUE,TRUE,TRUE,121,7,21,30,21,14,7,21,0,0,66,114,70
17/1/22,Monday,104,0,,January,FALSE,FALSE,TRUE,FALSE,105,6,18,27,18,12,6,18,0,0,45,35,24
18/1/22,Tuesday,119,0,,January,FALSE,FALSE,TRUE,FALSE,137,8,24,33,24,16,8,24,0,0,65,30,24
19/1/22,Wednesday,80,0,,January,FALSE,FALSE,FALSE,FALSE,62,3,10,19,10,7,3,10,0,0,43,21,16
20/1/22,Thursday,95,0,,January,FALSE,FALSE,FALSE,FALSE,71,4,12,19,12,8,4,12,0,0,47,26,22
21/1/22,Friday,118,83,,January,FALSE,TRUE,TRUE,FALSE,93,5,16,25,16,10,5,16,0,0,50,91,60
22/1/22,Saturday,105,0,,January,FALSE,FALSE,TRUE,FALSE,96,5,16,27,16,11,5,16,0,0,54,28,23
23/1/22,Sunday,136,0,,January,FALSE,FALSE,TRUE,FALSE,132,7,23,34,23,15,7,23,0,0,72,37,27
24/1/22,Monday,108,0,,January,FALSE,FALSE,TRUE,FALSE,103,6,18,25,18,12,6,18,0,0,52,30,26
25/1/22,Tuesday,82,0,,January,FALSE,FALSE,FALSE,FALSE,89,5,15,24,15,10,5,15,0,0,49,20,13
26/1/22,Wednesday,113,82,,January,TRUE,TRUE,TRUE,FALSE,96,5,16,27,16,11,5,16,0,0,63,77,55
27/1/22,Thursday,105,0,,January,FALSE,FALSE,TRUE,FALSE,129,7,22,34,22,15,7,22,0,0,47,35,23
28/1/22,Friday,95,0,,January,FALSE,FALSE,FALSE,FALSE,81,4,14,22,14,9,4,14,0,0,50,24,21
29/1/22,Saturday,116,0,,January,FALSE,FALSE,TRUE,FALSE,122,7,21,31,21,14,7,21,0,0,63,33,20
30/1/22,Sunday,149,0,,January,FALSE,FALSE,TRUE,FALSE,134,7,23,36,23,15,7,23,0,0,75,42,32
31/1/22,Monday,135,93,,January,TRUE,TRUE,TRUE,FALSE,104,6,18,26,18,12,6,18,0,0,74,100,54
1/2/22,Tuesday,208,136,Chinese New Year,February,FALSE,TRUE,TRUE,TRUE,231,13,40,58,40,27,13,40,0,0,109,139,96
2/2/22,Wednesday,107,0,,February,FALSE,FALSE,TRUE,FALSE,95,5,16,26,16,11,5,16,0,0,61,25,21
3/2/22,Thursday,84,0,,February,FALSE,FALSE,FALSE,FALSE,102,6,18,24,18,12,6,18,0,0,38,26,20
4/2/22,Friday,136,121,,February,TRUE,TRUE,TRUE,TRUE,162,9,28,41,28,19,9,28,0,0,58,127,72
5/2/22,Saturday,139,0,,February,FALSE,FALSE,TRUE,FALSE,158,9,27,41,27,18,9,27,0,0,74,46,19
6/2/22,Sunday,133,93,,February,FALSE,TRUE,TRUE,FALSE,142,8,25,35,25,16,8,25,0,0,65,97,64
7/2/22,Monday,95,73,,February,FALSE,TRUE,FALSE,FALSE,81,4,14,22,14,9,4,14,0,0,46,78,44
8/2/22,Tuesday,105,0,,February,FALSE,FALSE,TRUE,FALSE,107,6,18,29,18,12,6,18,0,0,46,43,16
9/2/22,Wednesday,105,92,,February,FALSE,TRUE,TRUE,FALSE,101,5,17,29,17,11,5,17,0,0,53,92,52
10/2/22,Thursday,100,87,,February,FALSE,TRUE,FALSE,FALSE,97,5,17,25,17,11,5,17,0,0,49,90,48
11/2/22,Friday,118,70,,February,FALSE,TRUE,TRUE,FALSE,107,6,18,29,18,12,6,18,0,0,58,79,51
12/2/22,Saturday,105,0,,February,FALSE,FALSE,TRUE,FALSE,89,5,15,24,15,10,5,15,0,0,50,33,22
13/2/22,Sunday,123,0,,February,FALSE,FALSE,TRUE,FALSE,131,7,23,33,23,15,7,23,0,0,59,43,21
14/2/22,Monday,109,74,,February,FALSE,TRUE,TRUE,FALSE,87,5,15,22,15,10,5,15,0,0,55,81,47
15/2/22,Tuesday,116,0,,February,FALSE,FALSE,TRUE,FALSE,110,6,19,29,19,12,6,19,0,0,60,33,23
16/2/22,Wednesday,127,87,,February,TRUE,TRUE,TRUE,FALSE,104,6,18,26,18,12,6,18,0,0,60,101,53
17/2/22,Thursday,89,0,,February,FALSE,FALSE,FALSE,FALSE,96,5,16,27,16,11,5,16,0,0,46,26,17
18/2/22,Friday,84,66,,February,FALSE,TRUE,FALSE,FALSE,80,4,14,21,14,9,4,14,0,0,43,68,39
19/2/22,Saturday,147,0,,February,FALSE,FALSE,TRUE,FALSE,172,10,30,42,30,20,10,30,0,0,77,38,32
20/2/22,Sunday,140,0,,February,FALSE,FALSE,TRUE,FALSE,128,7,22,33,22,15,7,22,0,0,68,45,27
21/2/22,Monday,110,71,,February,FALSE,TRUE,TRUE,FALSE,118,6,20,33,20,13,6,20,0,0,52,82,47
22/2/22,Tuesday,89,0,,February,FALSE,FALSE,FALSE,FALSE,73,4,12,21,12,8,4,12,0,0,44,26,19
23/2/22,Wednesday,98,61,,February,FALSE,TRUE,FALSE,FALSE,99,5,17,27,17,11,5,17,0,0,47,67,45
24/2/22,Thursday,138,80,,February,TRUE,TRUE,TRUE,FALSE,170,10,30,40,30,20,10,30,0,0,70,94,54
25/2/22,Friday,80,0,,February,FALSE,FALSE,FALSE,FALSE,64,3,11,18,11,7,3,11,0,0,38,30,12
26/2/22,Saturday,135,0,,February,FALSE,FALSE,TRUE,FALSE,110,6,19,29,19,12,6,19,0,0,74,41,20
27/2/22,Sunday,126,88,,February,FALSE,TRUE,TRUE,FALSE,135,7,23,37,23,15,7,23,0,0,61,95,58
28/2/22,Monday,95,0,,February,FALSE,FALSE,FALSE,FALSE,92,5,16,24,16,10,5,16,0,0,48,30,17
1/3/22,Tuesday,103,0,,March,FALSE,FALSE,TRUE,FALSE,112,6,19,30,19,13,6,19,0,0,48,36,19
2/3/22,Wednesday,95,98,,March,FALSE,TRUE,FALSE,FALSE,89,5,15,24,15,10,5,15,0,0,51,87,55
3/3/22,Thursday,81,81,,March,FALSE,TRUE,FALSE,FALSE,72,4,12,20,12,8,4,12,0,0,34,74,54
4/3/22,Friday,107,0,,March,FALSE,FALSE,TRUE,FALSE,84,4,14,25,14,9,4,14,0,0,55,31,21
5/3/22,Saturday,162,135,,March,TRUE,TRUE,TRUE,TRUE,187,11,33,44,33,22,11,33,0,0,74,144,79
6/3/22,Sunday,122,0,,March,FALSE,FALSE,TRUE,FALSE,117,6,20,32,20,13,6,20,0,0,65,35,22
7/3/22,Monday,99,74,,March,FALSE,TRUE,FALSE,FALSE,101,5,17,29,17,11,5,17,0,0,49,76,48
8/3/22,Tuesday,103,86,,March,FALSE,TRUE,TRUE,FALSE,115,6,20,30,20,13,6,20,0,0,50,87,52
9/3/22,Wednesday,91,0,,March,FALSE,FALSE,FALSE,FALSE,69,4,12,17,12,8,4,12,0,0,42,30,19
10/3/22,Thursday,114,69,,March,FALSE,TRUE,TRUE,FALSE,123,7,21,32,21,14,7,21,0,0,71,70,42
11/3/22,Friday,112,75,,March,FALSE,TRUE,TRUE,FALSE,119,7,21,28,21,14,7,21,0,0,54,83,50
12/3/22,Saturday,172,131,,March,TRUE,TRUE,TRUE,TRUE,188,11,33,45,33,22,11,33,0,0,83,138,82
13/3/22,Sunday,130,94,,March,FALSE,TRUE,TRUE,FALSE,111,6,19,29,19,13,6,19,0,0,66,96,62
14/3/22,Monday,91,85,,March,FALSE,TRUE,FALSE,FALSE,88,5,15,23,15,10,5,15,0,0,41,79,56
15/3/22,Tuesday,102,98,,March,TRUE,TRUE,TRUE,FALSE,98,5,17,26,17,11,5,17,0,0,41,99,60
16/3/22,Wednesday,80,0,,March,FALSE,FALSE,FALSE,FALSE,96,5,16,27,16,11,5,16,0,0,34,32,14
17/3/22,Thursday,112,0,,March,FALSE,FALSE,TRUE,FALSE,113,6,19,31,19,13,6,19,0,0,54,38,20
18/3/22,Friday,119,68,,March,FALSE,TRUE,TRUE,FALSE,145,8,25,37,25,17,8,25,0,0,61,75,51
19/3/22,Saturday,128,0,,March,FALSE,FALSE,TRUE,FALSE,127,7,22,33,22,14,7,22,0,0,65,42,21
20/3/22,Sunday,111,0,,March,FALSE,FALSE,TRUE,FALSE,128,7,22,33,22,15,7,22,0,0,61,29,21
21/3/22,Monday,92,62,,March,FALSE,TRUE,FALSE,FALSE,81,4,14,22,14,9,4,14,0,0,45,65,44
22/3/22,Tuesday,91,0,,March,FALSE,FALSE,FALSE,FALSE,77,4,13,21,13,9,4,13,0,0,46,24,21
23/3/22,Wednesday,110,64,,March,FALSE,TRUE,TRUE,FALSE,88,5,15,23,15,10,5,15,0,0,44,83,47
24/3/22,Thursday,81,0,,March,FALSE,FALSE,FALSE,FALSE,74,4,13,19,13,8,4,13,0,0,35,27,19
25/3/22,Friday,114,94,,March,FALSE,TRUE,TRUE,FALSE,121,7,21,30,21,14,7,21,0,0,45,105,58
26/3/22,Saturday,126,81,,March,FALSE,TRUE,TRUE,FALSE,140,8,24,36,24,16,8,24,0,0,65,88,54
27/3/22,Sunday,148,115,,March,FALSE,TRUE,TRUE,TRUE,166,9,29,42,29,19,9,29,0,0,68,123,72
28/3/22,Monday,105,86,,March,FALSE,TRUE,TRUE,FALSE,97,5,17,25,17,11,5,17,0,0,52,86,53
29/3/22,Tuesday,87,0,,March,FALSE,FALSE,FALSE,FALSE,67,3,11,21,11,7,3,11,0,0,41,27,19
30/3/22,Wednesday,108,0,,March,FALSE,FALSE,TRUE,FALSE,126,7,22,32,22,14,7,22,0,0,55,30,23
31/3/22,Thursday,105,0,,March,FALSE,FALSE,TRUE,FALSE,98,5,17,26,17,11,5,17,0,0,51,36,18
1/4/22,Friday,89,0,,April,FALSE,FALSE,FALSE,FALSE,76,4,13,21,13,8,4,13,0,0,45,25,19
2/4/22,Saturday,123,0,,April,FALSE,FALSE,TRUE,FALSE,105,6,18,27,18,12,6,18,0,0,55,44,24
3/4/22,Sunday,144,110,,April,FALSE,TRUE,TRUE,TRUE,139,8,24,35,24,16,8,24,0,0,65,125,64
4/4/22,Monday,86,0,,April,FALSE,FALSE,FALSE,FALSE,90,5,15,25,15,10,5,15,0,0,42,25,19
5/4/22,Tuesday,83,0,,April,FALSE,FALSE,FALSE,FALSE,68,4,12,16,12,8,4,12,0,0,50,16,17
6/4/22,Wednesday,90,77,,April,FALSE,TRUE,FALSE,FALSE,78,4,13,22,13,9,4,13,0,0,54,69,44
7/4/22,Thursday,108,0,,April,FALSE,FALSE,TRUE,FALSE,101,5,17,29,17,11,5,17,0,0,55,32,21
8/4/22,Friday,115,86,,April,FALSE,TRUE,TRUE,FALSE,138,8,24,34,24,16,8,24,0,0,64,85,52
9/4/22,Saturday,132,130,,April,TRUE,TRUE,TRUE,TRUE,158,9,27,41,27,18,9,27,0,0,63,125,74
10/4/22,Sunday,109,113,,April,FALSE,TRUE,TRUE,TRUE,122,7,21,31,21,14,7,21,0,0,56,100,66
11/4/22,Monday,115,0,,April,FALSE,FALSE,TRUE,FALSE,91,5,16,23,16,10,5,16,0,0,50,36,29
12/4/22,Tuesday,89,96,,April,FALSE,TRUE,FALSE,FALSE,107,6,18,29,18,12,6,18,0,0,41,97,47
13/4/22,Wednesday,116,0,,April,FALSE,FALSE,TRUE,FALSE,97,5,17,25,17,11,5,17,0,0,57,41,18
14/4/22,Thursday,88,87,,April,FALSE,TRUE,FALSE,FALSE,81,4,14,22,14,9,4,14,0,0,50,80,45
15/4/22,Friday,154,115,Good Friday,April,FALSE,TRUE,TRUE,TRUE,158,9,27,41,27,18,9,27,0,0,67,120,82
16/4/22,Saturday,129,0,,April,FALSE,FALSE,TRUE,FALSE,156,9,27,39,27,18,9,27,0,0,62,36,31
17/4/22,Sunday,136,0,,April,FALSE,FALSE,TRUE,FALSE,161,9,28,41,28,18,9,28,0,0,56,45,35
18/4/22,Monday,115,68,,April,FALSE,TRUE,TRUE,FALSE,123,7,21,32,21,14,7,21,0,0,58,79,46
19/4/22,Tuesday,97,95,,April,FALSE,TRUE,FALSE,FALSE,89,5,15,24,15,10,5,15,0,0,54,85,53
20/4/22,Wednesday,147,81,,April,TRUE,TRUE,TRUE,FALSE,115,6,20,30,20,13,6,20,0,0,66,95,67
21/4/22,Thursday,111,0,,April,FALSE,FALSE,TRUE,FALSE,94,5,16,25,16,11,5,16,0,0,57,28,26
22/4/22,Friday,128,85,,April,TRUE,TRUE,TRUE,FALSE,115,6,20,30,20,13,6,20,0,0,64,92,57
23/4/22,Saturday,135,0,,April,FALSE,FALSE,TRUE,FALSE,139,8,24,35,24,16,8,24,0,0,71,35,29
24/4/22,Sunday,149,0,,April,FALSE,FALSE,TRUE,FALSE,148,8,26,37,26,17,8,26,0,0,87,35,27
25/4/22,Monday,116,67,,April,FALSE,TRUE,TRUE,FALSE,121,7,21,30,21,14,7,21,0,0,56,78,49
26/4/22,Tuesday,91,0,,April,FALSE,FALSE,FALSE,FALSE,98,5,17,26,17,11,5,17,0,0,40,28,23
27/4/22,Wednesday,92,0,,April,FALSE,FALSE,FALSE,FALSE,86,5,15,21,15,10,5,15,0,0,50,29,13
28/4/22,Thursday,102,70,,April,FALSE,TRUE,TRUE,FALSE,97,5,17,25,17,11,5,17,0,0,52,75,45
29/4/22,Friday,104,82,,April,FALSE,TRUE,TRUE,FALSE,93,5,16,25,16,10,5,16,0,0,48,79,59
30/4/22,Saturday,116,0,,April,FALSE,FALSE,TRUE,FALSE,132,7,23,34,23,15,7,23,0,0,51,39,26
1/5/22,Sunday,163,177,Labour Day,May,FALSE,TRUE,TRUE,TRUE,190,11,33,47,33,22,11,33,0,0,95,160,85
2/5/22,Monday,96,0,,May,FALSE,FALSE,FALSE,FALSE,80,4,14,21,14,9,4,14,0,0,53,20,23
3/5/22,Tuesday,99,0,,May,FALSE,FALSE,FALSE,FALSE,117,6,20,32,20,13,6,20,0,0,42,37,20
4/5/22,Wednesday,104,73,,May,FALSE,TRUE,TRUE,FALSE,92,5,16,24,16,10,5,16,0,0,48,87,42
5/5/22,Thursday,101,61,,May,FALSE,TRUE,TRUE,FALSE,124,7,21,33,21,14,7,21,0,0,49,69,44
6/5/22,Friday,92,60,,May,FALSE,TRUE,FALSE,FALSE,82,4,14,23,14,9,4,14,0,0,53,67,32
7/5/22,Saturday,113,104,,May,FALSE,TRUE,TRUE,TRUE,93,5,16,25,16,10,5,16,0,0,52,102,63
8/5/22,Sunday,146,0,,May,FALSE,FALSE,TRUE,FALSE,139,8,24,35,24,16,8,24,0,0,81,42,23
9/5/22,Monday,91,60,,May,FALSE,TRUE,FALSE,FALSE,89,5,15,24,15,10,5,15,0,0,41,68,42
10/5/22,Tuesday,98,0,,May,FALSE,FALSE,FALSE,FALSE,103,6,18,25,18,12,6,18,0,0,55,27,16
11/5/22,Wednesday,91,63,,May,FALSE,TRUE,FALSE,FALSE,91,5,16,23,16,10,5,16,0,0,45,68,41
12/5/22,Thursday,88,82,,May,FALSE,TRUE,FALSE,FALSE,94,5,16,25,16,11,5,16,0,0,44,77,49
13/5/22,Friday,86,0,,May,FALSE,FALSE,FALSE,FALSE,102,6,18,24,18,12,6,18,0,0,41,23,22
14/5/22,Saturday,106,0,,May,FALSE,FALSE,TRUE,FALSE,96,5,16,27,16,11,5,16,0,0,57,34,15
15/5/22,Sunday,160,108,,May,TRUE,TRUE,TRUE,TRUE,138,8,24,34,24,16,8,24,0,0,71,125,72
16/5/22,Monday,165,94,Vesak Day,May,FALSE,TRUE,TRUE,FALSE,191,11,33,48,33,22,11,33,0,0,92,105,62
17/5/22,Tuesday,98,0,,May,FALSE,FALSE,FALSE,FALSE,102,6,18,24,18,12,6,18,0,0,52,24,22
18/5/22,Wednesday,95,72,,May,FALSE,TRUE,FALSE,FALSE,100,5,17,28,17,11,5,17,0,0,44,78,45
19/5/22,Thursday,84,0,,May,FALSE,FALSE,FALSE,FALSE,96,5,16,27,16,11,5,16,0,0,53,20,11
20/5/22,Friday,142,95,,May,TRUE,TRUE,TRUE,FALSE,155,9,27,38,27,18,9,27,0,0,78,98,61
21/5/22,Saturday,131,85,,May,FALSE,TRUE,TRUE,FALSE,116,6,20,31,20,13,6,20,0,0,53,106,57
22/5/22,Sunday,110,0,,May,FALSE,FALSE,TRUE,FALSE,97,5,17,25,17,11,5,17,0,0,59,27,24
23/5/22,Monday,100,0,,May,FALSE,FALSE,FALSE,FALSE,95,5,16,26,16,11,5,16,0,0,46,26,28
24/5/22,Tuesday,115,0,,May,FALSE,FALSE,TRUE,FALSE,135,7,23,37,23,15,7,23,0,0,55,41,19
25/5/22,Wednesday,102,97,,May,FALSE,TRUE,TRUE,FALSE,97,5,17,25,17,11,5,17,0,0,43,95,61
26/5/22,Thursday,95,63,,May,FALSE,TRUE,FALSE,FALSE,113,6,19,31,19,13,6,19,0,0,49,66,43
27/5/22,Friday,118,75,,May,FALSE,TRUE,TRUE,FALSE,120,7,21,29,21,14,7,21,0,0,61,89,43
28/5/22,Saturday,160,106,,May,TRUE,TRUE,TRUE,TRUE,178,10,31,45,31,20,10,31,0,0,77,115,74
29/5/22,Sunday,103,117,,May,FALSE,TRUE,TRUE,TRUE,107,6,18,29,18,12,6,18,0,0,58,105,57
30/5/22,Monday,110,62,,May,FALSE,TRUE,TRUE,FALSE,95,5,16,26,16,11,5,16,0,0,45,78,49
31/5/22,Tuesday,84,0,,May,FALSE,FALSE,FALSE,FALSE,93,5,16,25,16,10,5,16,0,0,48,22,14
1/6/22,Wednesday,136,103,,June,FALSE,TRUE,TRUE,TRUE,169,9,29,45,29,19,9,29,0,0,68,114,57
2/6/22,Thursday,122,78,,June,FALSE,TRUE,TRUE,FALSE,112,6,19,30,19,13,6,19,0,0,62,87,51
3/6/22,Friday,129,118,,June,FALSE,TRUE,TRUE,TRUE,111,6,19,29,19,13,6,19,0,0,54,114,79
4/6/22,Saturday,136,0,,June,FALSE,FALSE,TRUE,FALSE,102,6,18,24,18,12,6,18,0,0,78,34,24
5/6/22,Sunday,153,0,,June,FALSE,FALSE,TRUE,FALSE,168,9,29,44,29,19,9,29,0,0,85,39,29
6/6/22,Monday,109,0,,June,FALSE,FALSE,TRUE,FALSE,136,8,24,32,24,16,8,24,0,0,45,36,28
7/6/22,Tuesday,105,0,,June,FALSE,FALSE,TRUE,FALSE,94,5,16,25,16,11,5,16,0,0,53,32,20
8/6/22,Wednesday,132,147,,June,TRUE,TRUE,TRUE,TRUE,125,7,22,31,22,14,7,22,0,0,72,132,75
9/6/22,Thursday,172,144,Hari Raya Puasa,June,FALSE,TRUE,TRUE,TRUE,149,8,26,38,26,17,8,26,0,0,79,150,87
10/6/22,Friday,140,0,,June,FALSE,FALSE,TRUE,FALSE,118,6,20,33,20,13,6,20,0,0,58,55,27
11/6/22,Saturday,135,0,,June,FALSE,FALSE,TRUE,FALSE,116,6,20,31,20,13,6,20,0,0,63,32,40
12/6/22,Sunday,142,139,,June,FALSE,TRUE,TRUE,TRUE,154,9,27,37,27,18,9,27,0,0,86,125,70
13/6/22,Monday,142,109,,June,FALSE,TRUE,TRUE,TRUE,170,10,30,40,30,20,10,30,0,0,61,123,67
14/6/22,Tuesday,105,88,,June,FALSE,TRUE,TRUE,FALSE,121,7,21,30,21,14,7,21,0,0,62,85,46
15/6/22,Wednesday,127,0,,June,FALSE,FALSE,TRUE,FALSE,123,7,21,32,21,14,7,21,0,0,62,38,27
16/6/22,Thursday,97,96,,June,FALSE,TRUE,FALSE,FALSE,91,5,16,23,16,10,5,16,0,0,44,94,55
17/6/22,Friday,100,97,,June,FALSE,TRUE,FALSE,FALSE,113,6,19,31,19,13,6,19,0,0,55,89,53
18/6/22,Saturday,213,127,,June,TRUE,TRUE,TRUE,TRUE,246,14,43,61,43,28,14,43,0,0,112,146,82
19/6/22,Sunday,152,133,,June,FALSE,TRUE,TRUE,TRUE,137,8,24,33,24,16,8,24,0,0,59,144,82
20/6/22,Monday,140,117,,June,FALSE,TRUE,TRUE,TRUE,118,6,20,33,20,13,6,20,0,0,70,115,72
21/6/22,Tuesday,117,0,,June,FALSE,FALSE,TRUE,FALSE,145,8,25,37,25,17,8,25,0,0,53,46,18
22/6/22,Wednesday,104,0,,June,FALSE,FALSE,TRUE,FALSE,80,4,14,21,14,9,4,14,0,0,57,24,23
23/6/22,Thursday,96,102,,June,FALSE,TRUE,FALSE,TRUE,103,6,18,25,18,12,6,18,0,0,45,101,52
24/6/22,Friday,121,0,,June,FALSE,FALSE,TRUE,FALSE,105,6,18,27,18,12,6,18,0,0,59,35,27
25/6/22,Saturday,142,135,,June,FALSE,TRUE,TRUE,TRUE,127,7,22,33,22,14,7,22,0,0,64,137,76
26/6/22,Sunday,126,0,,June,FALSE,FALSE,TRUE,FALSE,143,8,25,36,25,16,8,25,0,0,64,37,25
27/6/22,Monday,124,0,,June,FALSE,FALSE,TRUE,FALSE,95,5,16,26,16,11,5,16,0,0,70,29,25
28/6/22,Tuesday,99,0,,June,FALSE,FALSE,FALSE,FALSE,108,6,19,27,19,12,6,19,0,0,40,32,27
29/6/22,Wednesday,172,90,,June,TRUE,TRUE,TRUE,FALSE,209,12,36,53,36,24,12,36,0,0,78,113,71
30/6/22,Thursday,102,100,,June,FALSE,TRUE,TRUE,FALSE,118,6,20,33,20,13,6,20,0,0,52,93,57
1/7/22,Friday,132,109,,July,FALSE,TRUE,TRUE,TRUE,161,9,28,41,28,18,9,28,0,0,64,106,71
2/7/22,Saturday,136,114,,July,FALSE,TRUE,TRUE,TRUE,132,7,23,34,23,15,7,23,0,0,63,112,75
3/7/22,Sunday,159,0,,July,FALSE,FALSE,TRUE,FALSE,174,10,30,44,30,20,10,30,0,0,78,53,28
4/7/22,Monday,127,0,,July,FALSE,FALSE,TRUE,FALSE,110,6,19,29,19,12,6,19,0,0,49,46,32
5/7/22,Tuesday,106,93,,July,FALSE,TRUE,TRUE,FALSE,85,5,15,20,15,10,5,15,0,0,55,95,49
6/7/22,Wednesday,157,147,,July,TRUE,TRUE,TRUE,TRUE,121,7,21,30,21,14,7,21,0,0,89,143,72
7/7/22,Thursday,146,101,,July,TRUE,TRUE,TRUE,TRUE,179,10,31,45,31,21,10,31,0,0,70,118,59
8/7/22,Friday,176,97,,July,TRUE,TRUE,TRUE,FALSE,210,12,37,51,37,24,12,37,0,0,103,106,64
9/7/22,Saturday,140,142,,July,FALSE,TRUE,TRUE,TRUE,140,8,24,36,24,16,8,24,0,0,74,132,76
10/7/22,Sunday,136,0,,July,FALSE,FALSE,TRUE,FALSE,151,8,26,40,26,17,8,26,0,0,70,38,28
11/7/22,Monday,128,84,,July,FALSE,TRUE,TRUE,FALSE,122,7,21,31,21,14,7,21,0,0,66,97,49
12/7/22,Tuesday,118,0,,July,FALSE,FALSE,TRUE,FALSE,130,7,22,35,22,15,7,22,0,0,53,45,20
13/7/22,Wednesday,128,0,,July,FALSE,FALSE,TRUE,FALSE,119,7,21,28,21,14,7,21,0,0,77,34,17
14/7/22,Thursday,104,111,,July,FALSE,TRUE,TRUE,TRUE,121,7,21,30,21,14,7,21,0,0,41,105,69
15/7/22,Friday,141,0,,July,FALSE,FALSE,TRUE,FALSE,144,8,25,37,25,16,8,25,0,0,67,47,27
16/7/22,Saturday,148,0,,July,FALSE,FALSE,TRUE,FALSE,156,9,27,39,27,18,9,27,0,0,71,48,29
17/7/22,Sunday,139,0,,July,FALSE,FALSE,TRUE,FALSE,141,8,24,37,24,16,8,24,0,0,70,46,23
18/7/22,Monday,110,0,,July,FALSE,FALSE,TRUE,FALSE,112,6,19,30,19,13,6,19,0,0,66,36,8
19/7/22,Tuesday,128,103,,July,FALSE,TRUE,TRUE,TRUE,103,6,18,25,18,12,6,18,0,0,55,106,70
20/7/22,Wednesday,124,0,,July,FALSE,FALSE,TRUE,FALSE,107,6,18,29,18,12,6,18,0,0,69,29,26
21/7/22,Thursday,134,110,,July,FALSE,TRUE,TRUE,TRUE,113,6,19,31,19,13,6,19,0,0,66,114,64
22/7/22,Friday,140,91,,July,FALSE,TRUE,TRUE,FALSE,156,9,27,39,27,18,9,27,0,0,65,111,55
23/7/22,Saturday,178,121,,July,FALSE,TRUE,TRUE,TRUE,163,9,28,42,28,19,9,28,0,0,88,141,70
24/7/22,Sunday,127,0,,July,FALSE,FALSE,TRUE,FALSE,104,6,18,26,18,12,6,18,0,0,64,41,22
25/7/22,Monday,120,0,,July,FALSE,FALSE,TRUE,FALSE,92,5,16,24,16,10,5,16,0,0,58,40,22
26/7/22,Tuesday,114,103,,July,FALSE,TRUE,TRUE,TRUE,115,6,20,30,20,13,6,20,0,0,63,99,55
27/7/22,Wednesday,120,88,,July,FALSE,TRUE,TRUE,FALSE,148,8,26,37,26,17,8,26,0,0,58,94,56
28/7/22,Thursday,108,74,,July,FALSE,TRUE,TRUE,FALSE,105,6,18,27,18,12,6,18,0,0,51,82,49
29/7/22,Friday,139,0,,July,FALSE,FALSE,TRUE,FALSE,129,7,22,34,22,15,7,22,0,0,75,41,23
30/7/22,Saturday,142,0,,July,FALSE,FALSE,TRUE,FALSE,121,7,21,30,21,14,7,21,0,0,70,41,31
31/7/22,Sunday,174,103,,July,FALSE,TRUE,TRUE,TRUE,174,10,30,44,30,20,10,30,0,0,95,114,68
1/8/22,Monday,146,136,,August,TRUE,TRUE,TRUE,TRUE,165,9,29,41,29,19,9,29,0,0,85,125,72
2/8/22,Tuesday,147,110,,August,TRUE,TRUE,TRUE,TRUE,152,8,26,41,26,17,8,26,0,0,74,112,71
3/8/22,Wednesday,116,0,,August,FALSE,FALSE,TRUE,FALSE,90,5,15,25,15,10,5,15,0,0,55,29,32
4/8/22,Thursday,111,93,,August,FALSE,TRUE,TRUE,FALSE,127,7,22,33,22,14,7,22,0,0,56,87,61
5/8/22,Friday,112,78,,August,FALSE,TRUE,TRUE,FALSE,120,7,21,29,21,14,7,21,0,0,53,89,48
6/8/22,Saturday,139,0,,August,FALSE,FALSE,TRUE,FALSE,163,9,28,42,28,19,9,28,0,0,72,35,32
7/8/22,Sunday,171,112,,August,FALSE,TRUE,TRUE,TRUE,175,10,30,45,30,20,10,30,0,0,77,134,72
8/8/22,Monday,98,99,,August,FALSE,TRUE,FALSE,FALSE,94,5,16,25,16,11,5,16,0,0,52,92,53
9/8/22,Tuesday,170,123,National Day,August,FALSE,TRUE,TRUE,TRUE,210,12,37,51,37,24,12,37,0,0,87,127,79
10/8/22,Wednesday,122,0,,August,FALSE,FALSE,TRUE,FALSE,152,8,26,41,26,17,8,26,0,0,66,31,25
11/8/22,Thursday,108,87,,August,FALSE,TRUE,TRUE,FALSE,118,6,20,33,20,13,6,20,0,0,55,88,52
12/8/22,Friday,109,0,,August,FALSE,FALSE,TRUE,FALSE,131,7,23,33,23,15,7,23,0,0,57,29,23
13/8/22,Saturday,145,105,,August,FALSE,TRUE,TRUE,TRUE,166,9,29,42,29,19,9,29,0,0,77,112,61
14/8/22,Sunday,121,128,,August,FALSE,TRUE,TRUE,TRUE,105,6,18,27,18,12,6,18,0,0,58,119,72
15/8/22,Monday,114,88,,August,FALSE,TRUE,TRUE,FALSE,128,7,22,33,22,15,7,22,0,0,51,92,59
16/8/22,Tuesday,104,94,,August,FALSE,TRUE,TRUE,FALSE,79,4,13,23,13,9,4,13,0,0,52,93,53
17/8/22,Wednesday,140,0,,August,FALSE,FALSE,TRUE,FALSE,133,7,23,35,23,15,7,23,0,0,75,38,27
18/8/22,Thursday,109,0,,August,FALSE,FALSE,TRUE,FALSE,101,5,17,29,17,11,5,17,0,0,55,26,28
19/8/22,Friday,123,0,,August,FALSE,FALSE,TRUE,FALSE,126,7,22,32,22,14,7,22,0,0,65,28,30
20/8/22,Saturday,160,135,,August,TRUE,TRUE,TRUE,TRUE,132,7,23,34,23,15,7,23,0,0,70,144,81
21/8/22,Sunday,144,115,,August,FALSE,TRUE,TRUE,TRUE,122,7,21,31,21,14,7,21,0,0,76,117,66
22/8/22,Monday,128,111,,August,FALSE,TRUE,TRUE,TRUE,152,8,26,41,26,17,8,26,0,0,68,103,68
23/8/22,Tuesday,138,0,,August,FALSE,FALSE,TRUE,FALSE,112,6,19,30,19,13,6,19,0,0,64,44,30
24/8/22,Wednesday,126,0,,August,FALSE,FALSE,TRUE,FALSE,144,8,25,37,25,16,8,25,0,0,63,31,32
25/8/22,Thursday,104,0,,August,FALSE,FALSE,TRUE,FALSE,103,6,18,25,18,12,6,18,0,0,60,29,15
26/8/22,Friday,128,0,,August,FALSE,FALSE,TRUE,FALSE,112,6,19,30,19,13,6,19,0,0,64,39,25
27/8/22,Saturday,156,104,,August,FALSE,TRUE,TRUE,TRUE,190,11,33,47,33,22,11,33,0,0,74,119,67
28/8/22,Sunday,164,0,,August,FALSE,FALSE,TRUE,FALSE,153,9,27,36,27,18,9,27,0,0,88,43,33
29/8/22,Monday,138,0,,August,FALSE,FALSE,TRUE,FALSE,138,8,24,34,24,16,8,24,0,0,60,45,33
30/8/22,Tuesday,127,104,,August,FALSE,TRUE,TRUE,TRUE,117,6,20,32,20,13,6,20,0,0,51,113,67
31/8/22,Wednesday,115,0,,August,FALSE,FALSE,TRUE,FALSE,110,6,19,29,19,12,6,19,0,0,56,39,20
1/9/22,Thursday,88,0,,September,FALSE,FALSE,FALSE,FALSE,88,5,15,23,15,10,5,15,0,0,51,23,14
2/9/22,Friday,140,122,,September,TRUE,TRUE,TRUE,TRUE,126,7,22,32,22,14,7,22,0,0,68,116,78
3/9/22,Saturday,137,0,,September,FALSE,FALSE,TRUE,FALSE,143,8,25,36,25,16,8,25,0,0,64,42,31
4/9/22,Sunday,140,0,,September,FALSE,FALSE,TRUE,FALSE,159,9,28,39,28,18,9,28,0,0,63,45,32
5/9/22,Monday,107,0,,September,FALSE,FALSE,TRUE,FALSE,100,5,17,28,17,11,5,17,0,0,55,35,17
6/9/22,Tuesday,108,0,,September,FALSE,FALSE,TRUE,FALSE,111,6,19,29,19,13,6,19,0,0,56,23,29
7/9/22,Wednesday,92,0,,September,FALSE,FALSE,FALSE,FALSE,108,6,19,27,19,12,6,19,0,0,49,24,19
8/9/22,Thursday,114,0,,September,FALSE,FALSE,TRUE,FALSE,114,6,20,29,20,13,6,20,0,0,64,24,26
9/9/22,Friday,85,81,,September,FALSE,TRUE,FALSE,FALSE,104,6,18,26,18,12,6,18,0,0,44,78,44
10/9/22,Saturday,116,84,,September,FALSE,TRUE,TRUE,FALSE,133,7,23,35,23,15,7,23,0,0,59,84,57
11/9/22,Sunday,111,0,,September,FALSE,FALSE,TRUE,FALSE,105,6,18,27,18,12,6,18,0,0,49,38,24
12/9/22,Monday,104,63,,September,FALSE,TRUE,TRUE,FALSE,80,4,14,21,14,9,4,14,0,0,51,76,40
13/9/22,Tuesday,81,0,,September,FALSE,FALSE,FALSE,FALSE,94,5,16,25,16,11,5,16,0,0,46,24,11
14/9/22,Wednesday,89,0,,September,FALSE,FALSE,FALSE,FALSE,87,5,15,22,15,10,5,15,0,0,43,22,24
15/9/22,Thursday,109,0,,September,FALSE,FALSE,TRUE,FALSE,131,7,23,33,23,15,7,23,0,0,62,25,22
16/9/22,Friday,84,86,,September,FALSE,TRUE,FALSE,FALSE,80,4,14,21,14,9,4,14,0,0,36,85,49
17/9/22,Saturday,127,112,,September,FALSE,TRUE,TRUE,TRUE,119,7,21,28,21,14,7,21,0,0,61,115,63
18/9/22,Sunday,119,102,,September,FALSE,TRUE,TRUE,TRUE,102,6,18,24,18,12,6,18,0,0,69,90,62
19/9/22,Monday,97,68,,September,FALSE,TRUE,FALSE,FALSE,109,6,19,28,19,12,6,19,0,0,50,72,43
20/9/22,Tuesday,111,0,,September,FALSE,FALSE,TRUE,FALSE,114,6,20,29,20,13,6,20,0,0,54,40,17
21/9/22,Wednesday,90,79,,September,FALSE,TRUE,FALSE,FALSE,103,6,18,25,18,12,6,18,0,0,44,84,41
22/9/22,Thursday,125,100,,September,TRUE,TRUE,TRUE,FALSE,111,6,19,29,19,13,6,19,0,0,74,98,53
23/9/22,Friday,105,84,,September,FALSE,TRUE,TRUE,FALSE,104,6,18,26,18,12,6,18,0,0,50,94,45
24/9/22,Saturday,132,91,,September,FALSE,TRUE,TRUE,FALSE,108,6,19,27,19,12,6,19,0,0,61,99,63
25/9/22,Sunday,126,146,,September,TRUE,TRUE,TRUE,TRUE,121,7,21,30,21,14,7,21,0,0,52,141,79
26/9/22,Monday,106,0,,September,FALSE,FALSE,TRUE,FALSE,93,5,16,25,16,10,5,16,0,0,56,28,22
27/9/22,Tuesday,92,99,,September,FALSE,TRUE,FALSE,FALSE,83,4,14,24,14,9,4,14,0,0,53,89,49
28/9/22,Wednesday,112,0,,September,FALSE,FALSE,TRUE,FALSE,96,5,16,27,16,11,5,16,0,0,66,28,18
29/9/22,Thursday,113,67,,September,FALSE,TRUE,TRUE,FALSE,138,8,24,34,24,16,8,24,0,0,63,77,40
30/9/22,Friday,114,0,,September,FALSE,FALSE,TRUE,FALSE,123,7,21,32,21,14,7,21,0,0,61,22,31
1/10/22,Saturday,132,84,,October,FALSE,TRUE,TRUE,FALSE,129,7,22,34,22,15,7,22,0,0,65,97,54
2/10/22,Sunday,112,107,,October,FALSE,TRUE,TRUE,TRUE,92,5,16,24,16,10,5,16,0,0,59,105,55
3/10/22,Monday,85,79,,October,FALSE,TRUE,FALSE,FALSE,102,6,18,24,18,12,6,18,0,0,44,74,46
4/10/22,Tuesday,107,0,,October,FALSE,FALSE,TRUE,FALSE,96,5,16,27,16,11,5,16,0,0,52,31,24
5/10/22,Wednesday,96,88,,October,FALSE,TRUE,FALSE,FALSE,82,4,14,23,14,9,4,14,0,0,50,90,44
6/10/22,Thursday,84,0,,October,FALSE,FALSE,FALSE,FALSE,71,4,12,19,12,8,4,12,0,0,41,24,19
7/10/22,Friday,110,0,,October,FALSE,FALSE,TRUE,FALSE,99,5,17,27,17,11,5,17,0,0,54,33,23
8/10/22,Saturday,138,90,,October,FALSE,TRUE,TRUE,FALSE,112,6,19,30,19,13,6,19,0,0,74,94,60
9/10/22,Sunday,156,127,,October,TRUE,TRUE,TRUE,TRUE,138,8,24,34,24,16,8,24,0,0,84,123,76
10/10/22,Monday,82,89,,October,FALSE,TRUE,FALSE,FALSE,91,5,16,23,16,10,5,16,0,0,42,80,49
11/10/22,Tuesday,102,0,,October,FALSE,FALSE,TRUE,FALSE,122,7,21,31,21,14,7,21,0,0,51,33,18
12/10/22,Wednesday,116,93,,October,FALSE,TRUE,TRUE,FALSE,99,5,17,27,17,11,5,17,0,0,60,89,60
13/10/22,Thursday,116,97,,October,FALSE,TRUE,TRUE,FALSE,102,6,18,24,18,12,6,18,0,0,51,102,60
14/10/22,Friday,89,0,,October,FALSE,FALSE,FALSE,FALSE,84,4,14,25,14,9,4,14,0,0,43,30,16
15/10/22,Saturday,143,82,,October,FALSE,TRUE,TRUE,FALSE,147,8,25,39,25,17,8,25,0,0,70,99,56
16/10/22,Sunday,148,0,,October,FALSE,FALSE,TRUE,FALSE,167,9,29,43,29,19,9,29,0,0,68,50,30
17/10/22,Monday,96,62,,October,FALSE,TRUE,FALSE,FALSE,98,5,17,26,17,11,5,17,0,0,57,64,37
18/10/22,Tuesday,100,70,,October,FALSE,TRUE,FALSE,FALSE,87,5,15,22,15,10,5,15,0,0,49,75,46
19/10/22,Wednesday,93,99,,October,FALSE,TRUE,FALSE,FALSE,91,5,16,23,16,10,5,16,0,0,39,100,53
20/10/22,Thursday,88,74,,October,FALSE,TRUE,FALSE,FALSE,96,5,16,27,16,11,5,16,0,0,46,73,43
21/10/22,Friday,80,0,,October,FALSE,FALSE,FALSE,FALSE,98,5,17,26,17,11,5,17,0,0,41,22,17
22/10/22,Saturday,131,108,,October,TRUE,TRUE,TRUE,TRUE,118,6,20,33,20,13,6,20,0,0,69,109,61
23/10/22,Sunday,108,0,,October,FALSE,FALSE,TRUE,FALSE,130,7,22,35,22,15,7,22,0,0,52,38,18
24/10/22,Monday,120,220,Deepavali,October,FALSE,TRUE,TRUE,TRUE,128,7,22,33,22,15,7,22,0,0,61,181,98
25/10/22,Tuesday,119,0,,October,FALSE,FALSE,TRUE,FALSE,138,8,24,34,24,16,8,24,0,0,58,35,26
26/10/22,Wednesday,111,0,,October,FALSE,FALSE,TRUE,FALSE,97,5,17,25,17,11,5,17,0,0,70,25,16
27/10/22,Thursday,113,0,,October,FALSE,FALSE,TRUE,FALSE,119,7,21,28,21,14,7,21,0,0,63,27,23
28/10/22,Friday,107,96,,October,FALSE,TRUE,TRUE,FALSE,130,7,22,35,22,15,7,22,0,0,51,88,64
29/10/22,Saturday,111,102,,October,FALSE,TRUE,TRUE,TRUE,86,5,15,21,15,10,5,15,0,0,54,96,63
30/10/22,Sunday,107,100,,October,FALSE,TRUE,TRUE,FALSE,133,7,23,35,23,15,7,23,0,0,57,96,54
31/10/22,Monday,147,91,,October,TRUE,TRUE,TRUE,FALSE,123,7,21,32,21,14,7,21,0,0,71,111,56
1/11/22,Tuesday,105,0,,November,FALSE,FALSE,TRUE,FALSE,84,4,14,25,14,9,4,14,0,0,38,40,27
2/11/22,Wednesday,113,92,,November,FALSE,TRUE,TRUE,FALSE,120,7,21,29,21,14,7,21,0,0,57,87,61
3/11/22,Thursday,82,0,,November,FALSE,FALSE,FALSE,FALSE,70,4,12,18,12,8,4,12,0,0,34,26,22
4/11/22,Friday,91,0,,November,FALSE,FALSE,FALSE,FALSE,70,4,12,18,12,8,4,12,0,0,44,32,15
5/11/22,Saturday,106,0,,November,FALSE,FALSE,TRUE,FALSE,80,4,14,21,14,9,4,14,0,0,41,36,29
6/11/22,Sunday,110,0,,November,FALSE,FALSE,TRUE,FALSE,85,5,15,20,15,10,5,15,0,0,53,36,21
7/11/22,Monday,109,83,,November,FALSE,TRUE,TRUE,FALSE,123,7,21,32,21,14,7,21,0,0,58,82,52
8/11/22,Tuesday,109,87,,November,FALSE,TRUE,TRUE,FALSE,97,5,17,25,17,11,5,17,0,0,51,93,52
9/11/22,Wednesday,96,0,,November,FALSE,FALSE,FALSE,FALSE,78,4,13,22,13,9,4,13,0,0,42,31,23
10/11/22,Thursday,102,98,,November,FALSE,TRUE,TRUE,FALSE,91,5,16,23,16,10,5,16,0,0,59,89,52
11/11/22,Friday,94,77,,November,FALSE,TRUE,FALSE,FALSE,87,5,15,22,15,10,5,15,0,0,46,77,48
12/11/22,Saturday,125,111,,November,FALSE,TRUE,TRUE,TRUE,134,7,23,36,23,15,7,23,0,0,62,113,61
13/11/22,Sunday,102,0,,November,FALSE,FALSE,TRUE,FALSE,115,6,20,30,20,13,6,20,0,0,57,30,15
14/11/22,Monday,93,0,,November,FALSE,FALSE,FALSE,FALSE,78,4,13,22,13,9,4,13,0,0,46,26,21
15/11/22,Tuesday,81,0,,November,FALSE,FALSE,FALSE,FALSE,63,3,11,17,11,7,3,11,0,0,40,27,14
16/11/22,Wednesday,90,0,,November,FALSE,FALSE,FALSE,FALSE,79,4,13,23,13,9,4,13,0,0,42,25,23
17/11/22,Thursday,118,0,,November,FALSE,FALSE,TRUE,FALSE,124,7,21,33,21,14,7,21,0,0,57,36,25
18/11/22,Friday,117,84,,November,FALSE,TRUE,TRUE,FALSE,131,7,23,33,23,15,7,23,0,0,68,85,48
19/11/22,Saturday,138,142,,November,TRUE,TRUE,TRUE,TRUE,129,7,22,34,22,15,7,22,0,0,64,140,76
20/11/22,Sunday,122,119,,November,FALSE,TRUE,TRUE,TRUE,147,8,25,39,25,17,8,25,0,0,51,121,69
21/11/22,Monday,113,84,,November,FALSE,TRUE,TRUE,FALSE,103,6,18,25,18,12,6,18,0,0,48,96,53
22/11/22,Tuesday,97,0,,November,FALSE,FALSE,FALSE,FALSE,113,6,19,31,19,13,6,19,0,0,50,31,16
23/11/22,Wednesday,109,0,,November,FALSE,FALSE,TRUE,FALSE,94,5,16,25,16,11,5,16,0,0,54,35,20
24/11/22,Thursday,94,68,,November,FALSE,TRUE,FALSE,FALSE,78,4,13,22,13,9,4,13,0,0,56,66,40
25/11/22,Friday,132,121,,November,TRUE,TRUE,TRUE,TRUE,147,8,25,39,25,17,8,25,0,0,58,125,70
26/11/22,Saturday,145,118,,November,FALSE,TRUE,TRUE,TRUE,155,9,27,38,27,18,9,27,0,0,72,130,61
27/11/22,Sunday,135,107,,November,FALSE,TRUE,TRUE,TRUE,165,9,29,41,29,19,9,29,0,0,63,109,70
28/11/22,Monday,112,77,,November,FALSE,TRUE,TRUE,FALSE,125,7,22,31,22,14,7,22,0,0,49,88,52
29/11/22,Tuesday,128,92,,November,TRUE,TRUE,TRUE,FALSE,103,6,18,25,18,12,6,18,0,0,57,101,62
30/11/22,Wednesday,94,61,,November,FALSE,TRUE,FALSE,FALSE,88,5,15,23,15,10,5,15,0,0,51,70,34
1/12/22,Thursday,136,105,,December,TRUE,TRUE,TRUE,TRUE,117,6,20,32,20,13,6,20,0,0,70,112,59
2/12/22,Friday,96,0,,December,FALSE,FALSE,FALSE,FALSE,110,6,19,29,19,12,6,19,0,0,43,32,21
3/12/22,Saturday,117,0,,December,FALSE,FALSE,TRUE,FALSE,135,7,23,37,23,15,7,23,0,0,66,27,24
4/12/22,Sunday,105,81,,December,FALSE,TRUE,TRUE,FALSE,92,5,16,24,16,10,5,16,0,0,51,89,46
5/12/22,Monday,83,88,,December,FALSE,TRUE,FALSE,FALSE,80,4,14,21,14,9,4,14,0,0,39,85,47
6/12/22,Tuesday,89,0,,December,FALSE,FALSE,FALSE,FALSE,94,5,16,25,16,11,5,16,0,0,47,23,19
7/12/22,Wednesday,96,0,,December,FALSE,FALSE,FALSE,FALSE,99,5,17,27,17,11,5,17,0,0,50,34,12
8/12/22,Thursday,89,99,,December,FALSE,TRUE,FALSE,FALSE,105,6,18,27,18,12,6,18,0,0,46,86,56
9/12/22,Friday,96,62,,December,FALSE,TRUE,FALSE,FALSE,76,4,13,21,13,8,4,13,0,0,54,71,33
10/12/22,Saturday,140,99,,December,FALSE,TRUE,TRUE,FALSE,152,8,26,41,26,17,8,26,0,0,66,103,70
11/12/22,Sunday,102,0,,December,FALSE,FALSE,TRUE,FALSE,94,5,16,25,16,11,5,16,0,0,52,34,16
12/12/22,Monday,84,0,,December,FALSE,FALSE,FALSE,FALSE,102,6,18,24,18,12,6,18,0,0,45,24,15
13/12/22,Tuesday,113,0,,December,FALSE,FALSE,TRUE,FALSE,108,6,19,27,19,12,6,19,0,0,57,31,25
14/12/22,Wednesday,85,0,,December,FALSE,FALSE,FALSE,FALSE,96,5,16,27,16,11,5,16,0,0,36,28,21
15/12/22,Thursday,101,96,,December,TRUE,TRUE,TRUE,FALSE,105,6,18,27,18,12,6,18,0,0,53,85,59
16/12/22,Friday,92,0,,December,FALSE,FALSE,FALSE,FALSE,88,5,15,23,15,10,5,15,0,0,44,30,18
17/12/22,Saturday,132,0,,December,FALSE,FALSE,TRUE,FALSE,154,9,27,37,27,18,9,27,0,0,55,46,31
18/12/22,Sunday,106,0,,December,FALSE,FALSE,TRUE,FALSE,95,5,16,26,16,11,5,16,0,0,44,40,22
19/12/22,Monday,95,99,,December,FALSE,TRUE,FALSE,FALSE,99,5,17,27,17,11,5,17,0,0,46,94,54
20/12/22,Tuesday,110,72,,December,FALSE,TRUE,TRUE,FALSE,95,5,16,26,16,11,5,16,0,0,56,81,45
21/12/22,Wednesday,90,70,,December,FALSE,TRUE,FALSE,FALSE,96,5,16,27,16,11,5,16,0,0,45,66,49
22/12/22,Thursday,95,93,,December,FALSE,TRUE,FALSE,FALSE,98,5,17,26,17,11,5,17,0,0,54,85,49
23/12/22,Friday,87,98,,December,FALSE,TRUE,FALSE,FALSE,82,4,14,23,14,9,4,14,0,0,42,86,57
24/12/22,Saturday,123,104,,December,FALSE,TRUE,TRUE,TRUE,110,6,19,29,19,12,6,19,0,0,55,111,61
25/12/22,Sunday,178,139,Christmas Day,December,FALSE,TRUE,TRUE,TRUE,139,8,24,35,24,16,8,24,0,0,89,142,86
26/12/22,Monday,83,0,,December,FALSE,FALSE,FALSE,FALSE,90,5,15,25,15,10,5,15,0,0,34,31,18
27/12/22,Tuesday,104,76,,December,FALSE,TRUE,TRUE,FALSE,102,6,18,24,18,12,6,18,0,0,54,84,42
28/12/22,Wednesday,82,87,,December,FALSE,TRUE,FALSE,FALSE,102,6,18,24,18,12,6,18,0,0,37,82,50
29/12/22,Thursday,111,0,,December,FALSE,FALSE,TRUE,FALSE,137,8,24,33,24,16,8,24,0,0,59,34,18
30/12/22,Friday,82,0,,December,FALSE,FALSE,FALSE,FALSE,97,5,17,25,17,11,5,17,0,0,45,22,15
31/12/22,Saturday,153,110,,December,TRUE,TRUE,TRUE,TRUE,116,6,20,31,20,13,6,20,0,0,71,121,71
1/1/23,Sunday,223,124,New Year's Day,January,FALSE,TRUE,TRUE,TRUE,187,11,33,44,33,22,11,33,0,0,116,153,78
2/1/23,Monday,111,76,,January,FALSE,TRUE,TRUE,FALSE,97,5,17,25,17,11,5,17,0,0,52,89,46
3/1/23,Tuesday,98,0,,January,FALSE,FALSE,FALSE,FALSE,100,5,17,28,17,11,5,17,0,0,53,30,15
4/1/23,Wednesday,100,0,,January,FALSE,FALSE,FALSE,FALSE,79,4,13,23,13,9,4,13,0,0,51,32,17
5/1/23,Thursday,84,0,,January,FALSE,FALSE,FALSE,FALSE,72,4,12,20,12,8,4,12,0,0,37,31,16
6/1/23,Friday,97,63,,January,FALSE,TRUE,FALSE,FALSE,74,4,13,19,13,8,4,13,0,0,50,73,37
7/1/23,Saturday,168,132,,January,TRUE,TRUE,TRUE,TRUE,195,11,34,49,34,22,11,34,0,0,82,142,76
8/1/23,Sunday,101,0,,January,FALSE,FALSE,TRUE,FALSE,83,4,14,24,14,9,4,14,0,0,53,27,21
9/1/23,Monday,100,81,,January,FALSE,TRUE,FALSE,FALSE,108,6,19,27,19,12,6,19,0,0,53,79,49
10/1/23,Tuesday,106,120,,January,TRUE,TRUE,TRUE,TRUE,94,5,16,25,16,11,5,16,0,0,59,107,60
11/1/23,Wednesday,80,86,,January,FALSE,TRUE,FALSE,FALSE,92,5,16,24,16,10,5,16,0,0,44,76,46
12/1/23,Thursday,84,79,,January,FALSE,TRUE,FALSE,FALSE,104,6,18,26,18,12,6,18,0,0,42,80,41
13/1/23,Friday,91,81,,January,FALSE,TRUE,FALSE,FALSE,105,6,18,27,18,12,6,18,0,0,50,73,49
14/1/23,Saturday,141,0,,January,FALSE,FALSE,TRUE,FALSE,139,8,24,35,24,16,8,24,0,0,75,42,24
15/1/23,Sunday,111,0,,January,FALSE,FALSE,TRUE,FALSE,86,5,15,21,15,10,5,15,0,0,60,32,19
16/1/23,Monday,93,62,,January,FALSE,TRUE,FALSE,FALSE,78,4,13,22,13,9,4,13,0,0,48,67,40
17/1/23,Tuesday,105,84,,January,FALSE,TRUE,TRUE,FALSE,90,5,15,25,15,10,5,15,0,0,49,87,53
18/1/23,Wednesday,106,0,,January,FALSE,FALSE,TRUE,FALSE,100,5,17,28,17,11,5,17,0,0,48,37,21
19/1/23,Thursday,110,120,,January,TRUE,TRUE,TRUE,TRUE,92,5,16,24,16,10,5,16,0,0,53,116,61
20/1/23,Friday,105,60,,January,FALSE,TRUE,TRUE,FALSE,79,4,13,23,13,9,4,13,0,0,52,67,46
21/1/23,Saturday,114,105,,January,FALSE,TRUE,TRUE,TRUE,91,5,16,23,16,10,5,16,0,0,69,95,55
22/1/23,Sunday,297,130,Chinese New Year,January,FALSE,TRUE,TRUE,TRUE,309,18,54,75,54,36,18,54,0,0,144,174,109
23/1/23,Monday,96,60,,January,FALSE,TRUE,FALSE,FALSE,74,4,13,19,13,8,4,13,0,0,53,67,36
24/1/23,Tuesday,105,0,,January,FALSE,FALSE,TRUE,FALSE,96,5,16,27,16,11,5,16,0,0,47,30,28
25/1/23,Wednesday,115,92,,January,FALSE,TRUE,TRUE,FALSE,88,5,15,23,15,10,5,15,0,0,43,109,55
26/1/23,Thursday,80,0,,January,FALSE,FALSE,FALSE,FALSE,81,4,14,22,14,9,4,14,0,0,35,26,19
27/1/23,Friday,87,78,,January,FALSE,TRUE,FALSE,FALSE,78,4,13,22,13,9,4,13,0,0,39,78,48
28/1/23,Saturday,129,0,,January,FALSE,FALSE,TRUE,FALSE,142,8,25,35,25,16,8,25,0,0,67,42,20
29/1/23,Sunday,122,108,,January,FALSE,TRUE,TRUE,TRUE,136,8,24,32,24,16,8,24,0,0,58,115,57
30/1/23,Monday,101,89,,January,FALSE,TRUE,TRUE,FALSE,111,6,19,29,19,13,6,19,0,0,46,91,53
31/1/23,Tuesday,93,0,,January,FALSE,FALSE,FALSE,FALSE,112,6,19,30,19,13,6,19,0,0,49,28,16
1/2/23,Wednesday,105,0,,February,FALSE,FALSE,TRUE,FALSE,131,7,23,33,23,15,7,23,0,0,50,27,28
2/2/23,Thursday,107,0,,February,FALSE,FALSE,TRUE,FALSE,117,6,20,32,20,13,6,20,0,0,58,34,15
3/2/23,Friday,102,0,,February,FALSE,FALSE,TRUE,FALSE,111,6,19,29,19,13,6,19,0,0,51,26,25
4/2/23,Saturday,136,0,,February,FALSE,FALSE,TRUE,FALSE,165,9,29,41,29,19,9,29,0,0,65,42,29
5/2/23,Sunday,104,0,,February,FALSE,FALSE,TRUE,FALSE,103,6,18,25,18,12,6,18,0,0,51,32,21
6/2/23,Monday,81,0,,February,FALSE,FALSE,FALSE,FALSE,68,4,12,16,12,8,4,12,0,0,41,28,12
7/2/23,Tuesday,105,0,,February,FALSE,FALSE,TRUE,FALSE,126,7,22,32,22,14,7,22,0,0,50,32,23
8/2/23,Wednesday,93,77,,February,FALSE,TRUE,FALSE,FALSE,76,4,13,21,13,8,4,13,0,0,60,65,45
9/2/23,Thursday,86,0,,February,FALSE,FALSE,FALSE,FALSE,70,4,12,18,12,8,4,12,0,0,44,27,15
10/2/23,Friday,82,0,,February,FALSE,FALSE,FALSE,FALSE,62,3,10,19,10,7,3,10,0,0,39,25,18
11/2/23,Saturday,138,84,,February,FALSE,TRUE,TRUE,FALSE,125,7,22,31,22,14,7,22,0,0,81,94,47
12/2/23,Sunday,155,110,,February,TRUE,TRUE,TRUE,TRUE,123,7,21,32,21,14,7,21,0,0,82,120,63
13/2/23,Monday,117,0,,February,FALSE,FALSE,TRUE,FALSE,129,7,22,34,22,15,7,22,0,0,59,39,19
14/2/23,Tuesday,114,93,,February,FALSE,TRUE,TRUE,FALSE,90,5,15,25,15,10,5,15,0,0,57,95,55
15/2/23,Wednesday,94,0,,February,FALSE,FALSE,FALSE,FALSE,104,6,18,26,18,12,6,18,0,0,39,35,20
16/2/23,Thursday,104,61,,February,FALSE,TRUE,TRUE,FALSE,106,6,18,28,18,12,6,18,0,0,43,76,46
17/2/23,Friday,145,81,,February,TRUE,TRUE,TRUE,FALSE,171,10,30,41,30,20,10,30,0,0,75,97,54
18/2/23,Saturday,124,90,,February,FALSE,TRUE,TRUE,FALSE,122,7,21,31,21,14,7,21,0,0,55,97,62
19/2/23,Sunday,127,103,,February,FALSE,TRUE,TRUE,TRUE,150,8,26,39,26,17,8,26,0,0,75,109,46
20/2/23,Monday,118,0,,February,FALSE,FALSE,TRUE,FALSE,93,5,16,25,16,10,5,16,0,0,63,34,21
21/2/23,Tuesday,96,72,,February,FALSE,TRUE,FALSE,FALSE,105,6,18,27,18,12,6,18,0,0,51,73,44
22/2/23,Wednesday,118,87,,February,FALSE,TRUE,TRUE,FALSE,108,6,19,27,19,12,6,19,0,0,65,90,50
23/2/23,Thursday,101,71,,February,FALSE,TRUE,TRUE,FALSE,98,5,17,26,17,11,5,17,0,0,53,77,42
24/2/23,Friday,131,101,,February,TRUE,TRUE,TRUE,TRUE,150,8,26,39,26,17,8,26,0,0,57,116,59
25/2/23,Saturday,139,0,,February,FALSE,FALSE,TRUE,FALSE,168,9,29,44,29,19,9,29,0,0,59,51,29
26/2/23,Sunday,111,0,,February,FALSE,FALSE,TRUE,FALSE,98,5,17,26,17,11,5,17,0,0,52,34,25
27/2/23,Monday,92,0,,February,FALSE,FALSE,FALSE,FALSE,85,5,15,20,15,10,5,15,0,0,44,28,20
28/2/23,Tuesday,99,0,,February,FALSE,FALSE,FALSE,FALSE,78,4,13,22,13,9,4,13,0,0,47,33,19
1/3/23,Wednesday,104,0,,March,FALSE,FALSE,TRUE,FALSE,91,5,16,23,16,10,5,16,0,0,56,35,13
2/3/23,Thursday,83,60,,March,FALSE,TRUE,FALSE,FALSE,88,5,15,23,15,10,5,15,0,0,41,59,43
3/3/23,Friday,89,60,,March,FALSE,TRUE,FALSE,FALSE,91,5,16,23,16,10,5,16,0,0,52,58,39
4/3/23,Saturday,137,111,,March,TRUE,TRUE,TRUE,TRUE,128,7,22,33,22,15,7,22,0,0,67,111,70
5/3/23,Sunday,109,0,,March,FALSE,FALSE,TRUE,FALSE,136,8,24,32,24,16,8,24,0,0,55,37,17
6/3/23,Monday,115,83,,March,FALSE,TRUE,TRUE,FALSE,124,7,21,33,21,14,7,21,0,0,63,85,50
7/3/23,Tuesday,101,0,,March,FALSE,FALSE,TRUE,FALSE,82,4,14,23,14,9,4,14,0,0,54,27,20
8/3/23,Wednesday,113,80,,March,FALSE,TRUE,TRUE,FALSE,126,7,22,32,22,14,7,22,0,0,60,85,48
9/3/23,Thursday,87,0,,March,FALSE,FALSE,FALSE,FALSE,92,5,16,24,16,10,5,16,0,0,51,24,12
10/3/23,Friday,119,0,,March,FALSE,FALSE,TRUE,FALSE,93,5,16,25,16,10,5,16,0,0,54,38,27
11/3/23,Saturday,109,0,,March,FALSE,FALSE,TRUE,FALSE,82,4,14,23,14,9,4,14,0,0,66,24,19
12/3/23,Sunday,111,0,,March,FALSE,FALSE,TRUE,FALSE,84,4,14,25,14,9,4,14,0,0,53,39,19
13/3/23,Monday,85,77,,March,FALSE,TRUE,FALSE,FALSE,97,5,17,25,17,11,5,17,0,0,43,80,39
14/3/23,Tuesday,131,76,,March,TRUE,TRUE,TRUE,FALSE,145,8,25,37,25,17,8,25,0,0,70,84,53
15/3/23,Wednesday,113,69,,March,FALSE,TRUE,TRUE,FALSE,100,5,17,28,17,11,5,17,0,0,60,82,40
16/3/23,Thursday,85,0,,March,FALSE,FALSE,FALSE,FALSE,95,5,16,26,16,11,5,16,0,0,40,27,18
17/3/23,Friday,116,79,,March,FALSE,TRUE,TRUE,FALSE,87,5,15,22,15,10,5,15,0,0,65,78,52
18/3/23,Saturday,107,0,,March,FALSE,FALSE,TRUE,FALSE,128,7,22,33,22,15,7,22,0,0,54,35,18
19/3/23,Sunday,142,0,,March,FALSE,FALSE,TRUE,FALSE,176,10,31,43,31,20,10,31,0,0,72,41,29
20/3/23,Monday,100,74,,March,FALSE,TRUE,FALSE,FALSE,79,4,13,23,13,9,4,13,0,0,47,84,43
21/3/23,Tuesday,85,73,,March,FALSE,TRUE,FALSE,FALSE,89,5,15,24,15,10,5,15,0,0,50,67,41
22/3/23,Wednesday,85,0,,March,FALSE,FALSE,FALSE,FALSE,102,6,18,24,18,12,6,18,0,0,44,18,23
23/3/23,Thursday,83,0,,March,FALSE,FALSE,FALSE,FALSE,92,5,16,24,16,10,5,16,0,0,44,21,18
24/3/23,Friday,109,0,,March,FALSE,FALSE,TRUE,FALSE,91,5,16,23,16,10,5,16,0,0,52,34,23
25/3/23,Saturday,170,106,,March,TRUE,TRUE,TRUE,TRUE,155,9,27,38,27,18,9,27,0,0,90,119,67
26/3/23,Sunday,146,90,,March,FALSE,TRUE,TRUE,FALSE,177,10,31,44,31,20,10,31,0,0,71,100,65
27/3/23,Monday,110,78,,March,FALSE,TRUE,TRUE,FALSE,109,6,19,28,19,12,6,19,0,0,58,89,41
28/3/23,Tuesday,103,77,,March,FALSE,TRUE,TRUE,FALSE,128,7,22,33,22,15,7,22,0,0,57,74,49
29/3/23,Wednesday,88,0,,March,FALSE,FALSE,FALSE,FALSE,109,6,19,28,19,12,6,19,0,0,51,25,12
30/3/23,Thursday,82,0,,March,FALSE,FALSE,FALSE,FALSE,88,5,15,23,15,10,5,15,0,0,43,23,16
31/3/23,Friday,110,0,,March,FALSE,FALSE,TRUE,FALSE,137,8,24,33,24,16,8,24,0,0,52,30,28
1/4/23,Saturday,143,0,,April,FALSE,FALSE,TRUE,FALSE,143,8,25,36,25,16,8,25,0,0,68,50,25
2/4/23,Sunday,127,0,,April,FALSE,FALSE,TRUE,FALSE,155,9,27,38,27,18,9,27,0,0,74,38,15
3/4/23,Monday,115,90,,April,FALSE,TRUE,TRUE,FALSE,120,7,21,29,21,14,7,21,0,0,53,96,56
4/4/23,Tuesday,103,82,,April,FALSE,TRUE,TRUE,FALSE,116,6,20,31,20,13,6,20,0,0,45,91,49
5/4/23,Wednesday,110,0,,April,FALSE,FALSE,TRUE,FALSE,87,5,15,22,15,10,5,15,0,0,52,31,27
6/4/23,Thursday,85,0,,April,FALSE,FALSE,FALSE,FALSE,75,4,13,20,13,8,4,13,0,0,39,28,18
7/4/23,Friday,151,177,Good Friday,April,TRUE,TRUE,TRUE,TRUE,136,8,24,32,24,16,8,24,0,0,76,156,96
8/4/23,Saturday,149,0,,April,FALSE,FALSE,TRUE,FALSE,143,8,25,36,25,16,8,25,0,0,72,42,35
9/4/23,Sunday,113,89,,April,FALSE,TRUE,TRUE,FALSE,92,5,16,24,16,10,5,16,0,0,66,94,42
10/4/23,Monday,112,77,,April,TRUE,TRUE,TRUE,FALSE,127,7,22,33,22,14,7,22,0,0,60,87,42
11/4/23,Tuesday,83,0,,April,FALSE,FALSE,FALSE,FALSE,72,4,12,20,12,8,4,12,0,0,45,28,10
12/4/23,Wednesday,94,79,,April,FALSE,TRUE,FALSE,FALSE,93,5,16,25,16,10,5,16,0,0,46,81,46
13/4/23,Thursday,85,0,,April,FALSE,FALSE,FALSE,FALSE,82,4,14,23,14,9,4,14,0,0,40,26,19
14/4/23,Friday,109,0,,April,FALSE,FALSE,TRUE,FALSE,122,7,21,31,21,14,7,21,0,0,57,33,19
15/4/23,Saturday,128,0,,April,FALSE,FALSE,TRUE,FALSE,155,9,27,38,27,18,9,27,0,0,51,50,27
16/4/23,Sunday,100,0,,April,FALSE,FALSE,FALSE,FALSE,83,4,14,24,14,9,4,14,0,0,44,39,17
17/4/23,Monday,94,0,,April,FALSE,FALSE,FALSE,FALSE,76,4,13,21,13,8,4,13,0,0,44,32,18
18/4/23,Tuesday,90,0,,April,FALSE,FALSE,FALSE,FALSE,93,5,16,25,16,10,5,16,0,0,46,23,21
19/4/23,Wednesday,87,78,,April,FALSE,TRUE,FALSE,FALSE,105,6,18,27,18,12,6,18,0,0,41,80,44
20/4/23,Thursday,105,87,,April,FALSE,TRUE,TRUE,FALSE,95,5,16,26,16,11,5,16,0,0,44,94,54
21/4/23,Friday,84,0,,April,FALSE,FALSE,FALSE,FALSE,84,4,14,25,14,9,4,14,0,0,42,26,16
22/4/23,Saturday,185,117,,April,TRUE,TRUE,TRUE,TRUE,150,8,26,39,26,17,8,26,0,0,91,130,81
23/4/23,Sunday,113,0,,April,FALSE,FALSE,TRUE,FALSE,104,6,18,26,18,12,6,18,0,0,59,31,23
24/4/23,Monday,83,0,,April,FALSE,FALSE,FALSE,FALSE,73,4,12,21,12,8,4,12,0,0,40,25,18
25/4/23,Tuesday,98,0,,April,FALSE,FALSE,FALSE,FALSE,116,6,20,31,20,13,6,20,0,0,52,32,14
26/4/23,Wednesday,99,75,,April,FALSE,TRUE,FALSE,FALSE,80,4,14,21,14,9,4,14,0,0,43,85,46
27/4/23,Thursday,112,60,,April,FALSE,TRUE,TRUE,FALSE,92,5,16,24,16,10,5,16,0,0,68,62,42
28/4/23,Friday,99,0,,April,FALSE,FALSE,FALSE,FALSE,122,7,21,31,21,14,7,21,0,0,58,22,19
29/4/23,Saturday,142,0,,April,FALSE,FALSE,TRUE,FALSE,164,9,28,43,28,19,9,28,0,0,74,40,28
30/4/23,Sunday,133,0,,April,FALSE,FALSE,TRUE,FALSE,110,6,19,29,19,12,6,19,0,0,76,40,17
1/5/23,Monday,196,112,Labour Day,May,TRUE,TRUE,TRUE,TRUE,182,10,32,45,32,21,10,32,0,0,95,136,77
2/5/23,Tuesday,93,84,,May,FALSE,TRUE,FALSE,FALSE,86,5,15,21,15,10,5,15,0,0,50,83,44
3/5/23,Wednesday,117,0,,May,FALSE,FALSE,TRUE,FALSE,119,7,21,28,21,14,7,21,0,0,59,36,22
4/5/23,Thursday,116,0,,May,FALSE,FALSE,TRUE,FALSE,119,7,21,28,21,14,7,21,0,0,56,33,27
5/5/23,Friday,90,91,,May,FALSE,TRUE,FALSE,FALSE,77,4,13,21,13,9,4,13,0,0,49,84,48
6/5/23,Saturday,146,0,,May,FALSE,FALSE,TRUE,FALSE,134,7,23,36,23,15,7,23,0,0,89,38,19
7/5/23,Sunday,142,0,,May,FALSE,FALSE,TRUE,FALSE,149,8,26,38,26,17,8,26,0,0,62,56,24
8/5/23,Monday,82,91,,May,FALSE,TRUE,FALSE,FALSE,101,5,17,29,17,11,5,17,0,0,42,84,47
9/5/23,Tuesday,112,96,,May,FALSE,TRUE,TRUE,FALSE,137,8,24,33,24,16,8,24,0,0,61,87,60
10/5/23,Wednesday,85,0,,May,FALSE,FALSE,FALSE,FALSE,87,5,15,22,15,10,5,15,0,0,46,29,10
11/5/23,Thursday,89,0,,May,FALSE,FALSE,FALSE,FALSE,71,4,12,19,12,8,4,12,0,0,47,28,14
12/5/23,Friday,84,95,,May,FALSE,TRUE,FALSE,FALSE,77,4,13,21,13,9,4,13,0,0,42,87,50
13/5/23,Saturday,122,96,,May,FALSE,TRUE,TRUE,FALSE,99,5,17,27,17,11,5,17,0,0,65,96,57
14/5/23,Sunday,144,111,,May,FALSE,TRUE,TRUE,TRUE,117,6,20,32,20,13,6,20,0,0,70,118,67
15/5/23,Monday,101,115,,May,TRUE,TRUE,TRUE,TRUE,110,6,19,29,19,12,6,19,0,0,42,111,63
16/5/23,Tuesday,92,70,,May,FALSE,TRUE,FALSE,FALSE,104,6,18,26,18,12,6,18,0,0,52,68,42
17/5/23,Wednesday,119,78,,May,FALSE,TRUE,TRUE,FALSE,111,6,19,29,19,13,6,19,0,0,51,89,57
18/5/23,Thursday,81,61,,May,FALSE,TRUE,FALSE,FALSE,81,4,14,22,14,9,4,14,0,0,38,67,37
19/5/23,Friday,99,71,,May,FALSE,TRUE,FALSE,FALSE,107,6,18,29,18,12,6,18,0,0,42,85,43
20/5/23,Saturday,120,88,,May,FALSE,TRUE,TRUE,FALSE,101,5,17,29,17,11,5,17,0,0,57,95,56
21/5/23,Sunday,100,98,,May,FALSE,TRUE,FALSE,FALSE,94,5,16,25,16,11,5,16,0,0,46,98,54
22/5/23,Monday,88,0,,May,FALSE,FALSE,FALSE,FALSE,66,3,11,20,11,7,3,11,0,0,38,30,20
23/5/23,Tuesday,96,66,,May,FALSE,TRUE,FALSE,FALSE,118,6,20,33,20,13,6,20,0,0,55,70,37
24/5/23,Wednesday,110,92,,May,TRUE,TRUE,TRUE,FALSE,99,5,17,27,17,11,5,17,0,0,50,104,48
25/5/23,Thursday,90,62,,May,FALSE,TRUE,FALSE,FALSE,95,5,16,26,16,11,5,16,0,0,41,60,51
26/5/23,Friday,94,93,,May,FALSE,TRUE,FALSE,FALSE,110,6,19,29,19,12,6,19,0,0,54,83,50
27/5/23,Saturday,146,0,,May,FALSE,FALSE,TRUE,FALSE,168,9,29,44,29,19,9,29,0,0,74,55,17
28/5/23,Sunday,121,0,,May,FALSE,FALSE,TRUE,FALSE,138,8,24,34,24,16,8,24,0,0,62,35,24
29/5/23,Monday,114,0,,May,FALSE,FALSE,TRUE,FALSE,122,7,21,31,21,14,7,21,0,0,58,30,26
30/5/23,Tuesday,163,97,Vesak Day,May,FALSE,TRUE,TRUE,FALSE,134,7,23,36,23,15,7,23,0,0,78,107,75
31/5/23,Wednesday,110,98,,May,FALSE,TRUE,TRUE,FALSE,103,6,18,25,18,12,6,18,0,0,56,92,60
1/6/23,Thursday,125,120,,June,TRUE,TRUE,TRUE,TRUE,125,7,22,31,22,14,7,22,0,0,58,115,72
2/6/23,Friday,111,91,,June,FALSE,TRUE,TRUE,FALSE,99,5,17,27,17,11,5,17,0,0,59,90,53
3/6/23,Saturday,130,130,,June,FALSE,TRUE,TRUE,TRUE,151,8,26,40,26,17,8,26,0,0,66,115,79
4/6/23,Sunday,154,0,,June,FALSE,FALSE,TRUE,FALSE,150,8,26,39,26,17,8,26,0,0,73,50,31
5/6/23,Monday,135,0,,June,FALSE,FALSE,TRUE,FALSE,135,7,23,37,23,15,7,23,0,0,65,43,27
6/6/23,Tuesday,109,0,,June,FALSE,FALSE,TRUE,FALSE,106,6,18,28,18,12,6,18,0,0,54,38,17
7/6/23,Wednesday,136,112,,June,FALSE,TRUE,TRUE,TRUE,136,8,24,32,24,16,8,24,0,0,57,120,71
8/6/23,Thursday,136,0,,June,FALSE,FALSE,TRUE,FALSE,139,8,24,35,24,16,8,24,0,0,73,31,32
9/6/23,Friday,96,106,,June,FALSE,TRUE,FALSE,TRUE,78,4,13,22,13,9,4,13,0,0,45,100,57
10/6/23,Saturday,175,0,,June,FALSE,FALSE,TRUE,FALSE,145,8,25,37,25,17,8,25,0,0,88,57,30
11/6/23,Sunday,166,117,,June,FALSE,TRUE,TRUE,TRUE,192,11,33,49,33,22,11,33,0,0,80,133,70
12/6/23,Monday,129,110,,June,FALSE,TRUE,TRUE,TRUE,160,9,28,40,28,18,9,28,0,0,54,112,73
13/6/23,Tuesday,104,0,,June,FALSE,FALSE,TRUE,FALSE,111,6,19,29,19,13,6,19,0,0,49,39,16
14/6/23,Wednesday,108,0,,June,FALSE,FALSE,TRUE,FALSE,107,6,18,29,18,12,6,18,0,0,49,34,25
15/6/23,Thursday,139,0,,June,FALSE,FALSE,TRUE,FALSE,166,9,29,42,29,19,9,29,0,0,70,45,24
16/6/23,Friday,111,0,,June,FALSE,FALSE,TRUE,FALSE,123,7,21,32,21,14,7,21,0,0,53,35,23
17/6/23,Saturday,174,133,,June,FALSE,TRUE,TRUE,TRUE,185,10,32,48,32,21,10,32,0,0,94,130,83
18/6/23,Sunday,123,0,,June,FALSE,FALSE,TRUE,FALSE,133,7,23,35,23,15,7,23,0,0,63,31,29
19/6/23,Monday,120,108,,June,FALSE,TRUE,TRUE,TRUE,106,6,18,28,18,12,6,18,0,0,63,98,67
20/6/23,Tuesday,139,0,,June,FALSE,FALSE,TRUE,FALSE,173,10,30,43,30,20,10,30,0,0,84,39,16
21/6/23,Wednesday,100,0,,June,FALSE,FALSE,FALSE,FALSE,89,5,15,24,15,10,5,15,0,0,57,23,20
22/6/23,Thursday,176,130,Hari Raya Puasa,June,FALSE,TRUE,TRUE,TRUE,138,8,24,34,24,16,8,24,0,0,91,141,74
23/6/23,Friday,111,110,,June,FALSE,TRUE,TRUE,TRUE,109,6,19,28,19,12,6,19,0,0,56,109,56
24/6/23,Saturday,135,0,,June,FALSE,FALSE,TRUE,FALSE,113,6,19,31,19,13,6,19,0,0,76,38,21
25/6/23,Sunday,176,0,,June,FALSE,FALSE,TRUE,FALSE,171,10,30,41,30,20,10,30,0,0,91,54,31
26/6/23,Monday,155,135,,June,TRUE,TRUE,TRUE,TRUE,161,9,28,41,28,18,9,28,0,0,75,137,78
27/6/23,Tuesday,124,0,,June,FALSE,FALSE,TRUE,FALSE,149,8,26,38,26,17,8,26,0,0,64,36,24
28/6/23,Wednesday,145,115,,June,TRUE,TRUE,TRUE,TRUE,140,8,24,36,24,16,8,24,0,0,68,125,67
29/6/23,Thursday,142,118,,June,FALSE,TRUE,TRUE,TRUE,110,6,19,29,19,12,6,19,0,0,79,117,64
30/6/23,Friday,104,73,,June,FALSE,TRUE,TRUE,FALSE,125,7,22,31,22,14,7,22,0,0,47,84,46
1/7/23,Saturday,178,105,,July,FALSE,TRUE,TRUE,TRUE,169,9,29,45,29,19,9,29,0,0,95,115,73
2/7/23,Sunday,126,128,,July,FALSE,TRUE,TRUE,TRUE,102,6,18,24,18,12,6,18,0,0,61,121,72
3/7/23,Monday,111,0,,July,FALSE,FALSE,TRUE,FALSE,101,5,17,29,17,11,5,17,0,0,62,33,16
4/7/23,Tuesday,133,81,,July,FALSE,TRUE,TRUE,FALSE,123,7,21,32,21,14,7,21,0,0,70,91,53
5/7/23,Wednesday,140,0,,July,FALSE,FALSE,TRUE,FALSE,147,8,25,39,25,17,8,25,0,0,74,31,35
6/7/23,Thursday,134,103,,July,FALSE,TRUE,TRUE,TRUE,116,6,20,31,20,13,6,20,0,0,72,100,65
7/7/23,Friday,122,0,,July,FALSE,FALSE,TRUE,FALSE,119,7,21,28,21,14,7,21,0,0,58,42,22
8/7/23,Saturday,134,0,,July,FALSE,FALSE,TRUE,FALSE,147,8,25,39,25,17,8,25,0,0,57,43,34
9/7/23,Sunday,129,104,,July,FALSE,TRUE,TRUE,TRUE,139,8,24,35,24,16,8,24,0,0,65,107,61
10/7/23,Monday,124,110,,July,FALSE,TRUE,TRUE,TRUE,104,6,18,26,18,12,6,18,0,0,64,111,59
11/7/23,Tuesday,115,0,,July,FALSE,FALSE,TRUE,FALSE,111,6,19,29,19,13,6,19,0,0,54,40,21
12/7/23,Wednesday,134,104,,July,FALSE,TRUE,TRUE,TRUE,111,6,19,29,19,13,6,19,0,0,75,102,61
13/7/23,Thursday,97,106,,July,FALSE,TRUE,FALSE,TRUE,116,6,20,31,20,13,6,20,0,0,56,97,50
14/7/23,Friday,111,0,,July,FALSE,FALSE,TRUE,FALSE,87,5,15,22,15,10,5,15,0,0,52,35,24
15/7/23,Saturday,159,0,,July,FALSE,FALSE,TRUE,FALSE,136,8,24,32,24,16,8,24,0,0,78,53,28
16/7/23,Sunday,164,0,,July,FALSE,FALSE,TRUE,FALSE,168,9,29,44,29,19,9,29,0,0,81,43,40
17/7/23,Monday,141,118,,July,FALSE,TRUE,TRUE,TRUE,141,8,24,37,24,16,8,24,0,0,76,114,69
18/7/23,Tuesday,102,0,,July,FALSE,FALSE,TRUE,FALSE,117,6,20,32,20,13,6,20,0,0,53,31,18
19/7/23,Wednesday,102,0,,July,FALSE,FALSE,TRUE,FALSE,103,6,18,25,18,12,6,18,0,0,56,30,16
20/7/23,Thursday,98,0,,July,FALSE,FALSE,FALSE,FALSE,115,6,20,30,20,13,6,20,0,0,46,28,24
21/7/23,Friday,103,84,,July,FALSE,TRUE,TRUE,FALSE,103,6,18,25,18,12,6,18,0,0,41,88,58
22/7/23,Saturday,159,0,,July,FALSE,FALSE,TRUE,FALSE,189,11,33,46,33,22,11,33,0,0,67,55,37
23/7/23,Sunday,175,172,,July,TRUE,TRUE,TRUE,TRUE,199,11,35,49,35,23,11,35,0,0,86,164,97
24/7/23,Monday,161,116,,July,TRUE,TRUE,TRUE,TRUE,153,9,27,36,27,18,9,27,0,0,79,125,73
25/7/23,Tuesday,134,0,,July,FALSE,FALSE,TRUE,FALSE,132,7,23,34,23,15,7,23,0,0,70,40,24
26/7/23,Wednesday,162,125,,July,TRUE,TRUE,TRUE,TRUE,138,8,24,34,24,16,8,24,0,0,82,125,80
27/7/23,Thursday,141,0,,July,FALSE,FALSE,TRUE,FALSE,124,7,21,33,21,14,7,21,0,0,71,42,28
28/7/23,Friday,127,0,,July,FALSE,FALSE,TRUE,FALSE,155,9,27,38,27,18,9,27,0,0,63,37,27
29/7/23,Saturday,132,0,,July,FALSE,FALSE,TRUE,FALSE,131,7,23,33,23,15,7,23,0,0,59,47,26
30/7/23,Sunday,120,112,,July,FALSE,TRUE,TRUE,TRUE,136,8,24,32,24,16,8,24,0,0,61,106,65
31/7/23,Monday,140,0,,July,FALSE,FALSE,TRUE,FALSE,171,10,30,41,30,20,10,30,0,0,65,50,25
1/8/23,Tuesday,134,0,,August,FALSE,FALSE,TRUE,FALSE,133,7,23,35,23,15,7,23,0,0,59,48,27
2/8/23,Wednesday,139,0,,August,FALSE,FALSE,TRUE,FALSE,142,8,25,35,25,16,8,25,0,0,74,39,26
3/8/23,Thursday,127,0,,August,FALSE,FALSE,TRUE,FALSE,126,7,22,32,22,14,7,22,0,0,61,42,24
4/8/23,Friday,134,0,,August,FALSE,FALSE,TRUE,FALSE,137,8,24,33,24,16,8,24,0,0,67,41,26
5/8/23,Saturday,120,0,,August,FALSE,FALSE,TRUE,FALSE,132,7,23,34,23,15,7,23,0,0,53,39,28
6/8/23,Sunday,133,0,,August,FALSE,FALSE,TRUE,FALSE,155,9,27,38,27,18,9,27,0,0,61,40,32
7/8/23,Monday,97,0,,August,FALSE,FALSE,FALSE,FALSE,116,6,20,31,20,13,6,20,0,0,49,27,21
8/8/23,Tuesday,106,109,,August,FALSE,TRUE,TRUE,TRUE,95,5,16,26,16,11,5,16,0,0,47,99,69
9/8/23,Wednesday,151,176,National Day,August,FALSE,TRUE,TRUE,TRUE,177,10,31,44,31,20,10,31,0,0,73,156,98
10/8/23,Thursday,106,80,,August,FALSE,TRUE,TRUE,FALSE,120,7,21,29,21,14,7,21,0,0,56,83,47
11/8/23,Friday,134,94,,August,FALSE,TRUE,TRUE,FALSE,109,6,19,28,19,12,6,19,0,0,69,101,58
12/8/23,Saturday,148,111,,August,FALSE,TRUE,TRUE,TRUE,176,10,31,43,31,20,10,31,0,0,73,122,64
13/8/23,Sunday,158,139,,August,FALSE,TRUE,TRUE,TRUE,143,8,25,36,25,16,8,25,0,0,89,135,73
14/8/23,Monday,132,111,,August,FALSE,TRUE,TRUE,TRUE,141,8,24,37,24,16,8,24,0,0,69,111,63
15/8/23,Tuesday,138,96,,August,FALSE,TRUE,TRUE,FALSE,107,6,18,29,18,12,6,18,0,0,63,110,61
16/8/23,Wednesday,123,73,,August,FALSE,TRUE,TRUE,FALSE,93,5,16,25,16,10,5,16,0,0,60,84,52
17/8/23,Thursday,112,82,,August,FALSE,TRUE,TRUE,FALSE,119,7,21,28,21,14,7,21,0,0,59,80,55
18/8/23,Friday,129,0,,August,FALSE,FALSE,TRUE,FALSE,138,8,24,34,24,16,8,24,0,0,71,34,24
19/8/23,Saturday,164,112,,August,FALSE,TRUE,TRUE,TRUE,129,7,22,34,22,15,7,22,0,0,81,125,70
20/8/23,Sunday,150,0,,August,FALSE,FALSE,TRUE,FALSE,179,10,31,45,31,21,10,31,0,0,83,37,30
21/8/23,Monday,161,110,,August,TRUE,TRUE,TRUE,TRUE,153,9,27,36,27,18,9,27,0,0,81,114,76
22/8/23,Tuesday,123,122,,August,TRUE,TRUE,TRUE,TRUE,108,6,19,27,19,12,6,19,0,0,65,110,70
23/8/23,Wednesday,109,0,,August,FALSE,FALSE,TRUE,FALSE,135,7,23,37,23,15,7,23,0,0,50,41,18
24/8/23,Thursday,97,105,,August,FALSE,TRUE,FALSE,TRUE,85,5,15,20,15,10,5,15,0,0,51,97,54
25/8/23,Friday,127,0,,August,FALSE,FALSE,TRUE,FALSE,137,8,24,33,24,16,8,24,0,0,62,34,31
26/8/23,Saturday,130,106,,August,FALSE,TRUE,TRUE,TRUE,132,7,23,34,23,15,7,23,0,0,61,114,61
27/8/23,Sunday,121,138,,August,FALSE,TRUE,TRUE,TRUE,112,6,19,30,19,13,6,19,0,0,69,120,70
28/8/23,Monday,138,0,,August,FALSE,FALSE,TRUE,FALSE,114,6,20,29,20,13,6,20,0,0,76,36,26
29/8/23,Tuesday,157,95,,August,TRUE,TRUE,TRUE,FALSE,186,10,32,49,32,21,10,32,0,0,79,110,63
30/8/23,Wednesday,127,108,,August,FALSE,TRUE,TRUE,TRUE,136,8,24,32,24,16,8,24,0,0,69,105,61
31/8/23,Thursday,100,0,,August,FALSE,FALSE,FALSE,FALSE,77,4,13,21,13,9,4,13,0,0,58,25,17
1/9/23,Friday,99,0,,September,FALSE,FALSE,FALSE,FALSE,105,6,18,27,18,12,6,18,0,0,58,23,18
2/9/23,Saturday,133,147,,September,TRUE,TRUE,TRUE,TRUE,127,7,22,33,22,14,7,22,0,0,67,141,72
3/9/23,Sunday,147,0,,September,FALSE,FALSE,TRUE,FALSE,168,9,29,44,29,19,9,29,0,0,66,46,35
4/9/23,Monday,119,63,,September,FALSE,TRUE,TRUE,FALSE,143,8,25,36,25,16,8,25,0,0,57,81,44
5/9/23,Tuesday,117,0,,September,FALSE,FALSE,TRUE,FALSE,133,7,23,35,23,15,7,23,0,0,57,35,25
6/9/23,Wednesday,85,62,,September,FALSE,TRUE,FALSE,FALSE,75,4,13,20,13,8,4,13,0,0,42,63,42
7/9/23,Thursday,108,100,,September,TRUE,TRUE,TRUE,FALSE,116,6,20,31,20,13,6,20,0,0,55,95,58
8/9/23,Friday,127,88,,September,TRUE,TRUE,TRUE,FALSE,141,8,24,37,24,16,8,24,0,0,66,87,62
9/9/23,Saturday,124,82,,September,FALSE,TRUE,TRUE,FALSE,104,6,18,26,18,12,6,18,0,0,59,88,59
10/9/23,Sunday,111,0,,September,FALSE,FALSE,TRUE,FALSE,136,8,24,32,24,16,8,24,0,0,58,32,21
11/9/23,Monday,105,94,,September,FALSE,TRUE,TRUE,FALSE,83,4,14,24,14,9,4,14,0,0,55,85,59
12/9/23,Tuesday,92,97,,September,FALSE,TRUE,FALSE,FALSE,105,6,18,27,18,12,6,18,0,0,46,93,50
13/9/23,Wednesday,119,79,,September,FALSE,TRUE,TRUE,FALSE,118,6,20,33,20,13,6,20,0,0,66,85,47
14/9/23,Thursday,97,0,,September,FALSE,FALSE,FALSE,FALSE,114,6,20,29,20,13,6,20,0,0,54,26,17
15/9/23,Friday,104,98,,September,FALSE,TRUE,TRUE,FALSE,95,5,16,26,16,11,5,16,0,0,57,95,50
16/9/23,Saturday,143,83,,September,FALSE,TRUE,TRUE,FALSE,110,6,19,29,19,12,6,19,0,0,66,98,62
17/9/23,Sunday,135,0,,September,FALSE,FALSE,TRUE,FALSE,104,6,18,26,18,12,6,18,0,0,71,39,25
18/9/23,Monday,91,0,,September,FALSE,FALSE,FALSE,FALSE,78,4,13,22,13,9,4,13,0,0,52,18,21
19/9/23,Tuesday,115,0,,September,FALSE,FALSE,TRUE,FALSE,106,6,18,28,18,12,6,18,0,0,56,41,18
20/9/23,Wednesday,83,79,,September,FALSE,TRUE,FALSE,FALSE,66,3,11,20,11,7,3,11,0,0,38,77,47
21/9/23,Thursday,84,65,,September,FALSE,TRUE,FALSE,FALSE,66,3,11,20,11,7,3,11,0,0,39,70,40
22/9/23,Friday,116,75,,September,FALSE,TRUE,TRUE,FALSE,125,7,22,31,22,14,7,22,0,0,60,80,51
23/9/23,Saturday,145,0,,September,FALSE,FALSE,TRUE,FALSE,119,7,21,28,21,14,7,21,0,0,70,38,37
24/9/23,Sunday,149,84,,September,FALSE,TRUE,TRUE,FALSE,165,9,29,41,29,19,9,29,0,0,84,99,50
25/9/23,Monday,110,0,,September,FALSE,FALSE,TRUE,FALSE,108,6,19,27,19,12,6,19,0,0,61,28,21
26/9/23,Tuesday,88,0,,September,FALSE,FALSE,FALSE,FALSE,78,4,13,22,13,9,4,13,0,0,41,29,18
27/9/23,Wednesday,108,0,,September,FALSE,FALSE,TRUE,FALSE,116,6,20,31,20,13,6,20,0,0,56,30,22
28/9/23,Thursday,93,0,,September,FALSE,FALSE,FALSE,FALSE,74,4,13,19,13,8,4,13,0,0,53,25,15
29/9/23,Friday,119,0,,September,FALSE,FALSE,TRUE,FALSE,108,6,19,27,19,12,6,19,0,0,62,35,22
30/9/23,Saturday,142,93,,September,FALSE,TRUE,TRUE,FALSE,172,10,30,42,30,20,10,30,0,0,82,95,58
1/10/23,Sunday,115,0,,October,FALSE,FALSE,TRUE,FALSE,141,8,24,37,24,16,8,24,0,0,56,37,22
2/10/23,Monday,102,68,,October,FALSE,TRUE,TRUE,FALSE,88,5,15,23,15,10,5,15,0,0,39,76,55
3/10/23,Tuesday,80,86,,October,FALSE,TRUE,FALSE,FALSE,89,5,15,24,15,10,5,15,0,0,39,83,44
4/10/23,Wednesday,116,0,,October,FALSE,FALSE,TRUE,FALSE,114,6,20,29,20,13,6,20,0,0,58,35,23
5/10/23,Thursday,100,0,,October,FALSE,FALSE,FALSE,FALSE,82,4,14,23,14,9,4,14,0,0,52,25,23
6/10/23,Friday,105,63,,October,FALSE,TRUE,TRUE,FALSE,113,6,19,31,19,13,6,19,0,0,55,70,43
7/10/23,Saturday,114,0,,October,FALSE,FALSE,TRUE,FALSE,109,6,19,28,19,12,6,19,0,0,56,36,22
8/10/23,Sunday,103,0,,October,FALSE,FALSE,TRUE,FALSE,124,7,21,33,21,14,7,21,0,0,46,40,17
9/10/23,Monday,80,0,,October,FALSE,FALSE,FALSE,FALSE,71,4,12,19,12,8,4,12,0,0,42,18,20
10/10/23,Tuesday,148,85,,October,TRUE,TRUE,TRUE,FALSE,115,6,20,30,20,13,6,20,0,0,76,103,54
11/10/23,Wednesday,94,98,,October,FALSE,TRUE,FALSE,FALSE,75,4,13,20,13,8,4,13,0,0,39,100,53
12/10/23,Thursday,100,0,,October,FALSE,FALSE,FALSE,FALSE,97,5,17,25,17,11,5,17,0,0,44,39,17
13/10/23,Friday,88,98,,October,FALSE,TRUE,FALSE,FALSE,87,5,15,22,15,10,5,15,0,0,40,98,48
14/10/23,Saturday,113,0,,October,FALSE,FALSE,TRUE,FALSE,120,7,21,29,21,14,7,21,0,0,53,29,31
15/10/23,Sunday,103,0,,October,FALSE,FALSE,TRUE,FALSE,127,7,22,33,22,14,7,22,0,0,53,31,19
16/10/23,Monday,105,0,,October,FALSE,FALSE,TRUE,FALSE,115,6,20,30,20,13,6,20,0,0,53,29,23
17/10/23,Tuesday,114,82,,October,FALSE,TRUE,TRUE,FALSE,109,6,19,28,19,12,6,19,0,0,61,84,51
18/10/23,Wednesday,130,117,,October,TRUE,TRUE,TRUE,TRUE,114,6,20,29,20,13,6,20,0,0,67,106,74
19/10/23,Thursday,105,65,,October,FALSE,TRUE,TRUE,FALSE,108,6,19,27,19,12,6,19,0,0,54,71,45
20/10/23,Friday,90,69,,October,FALSE,TRUE,FALSE,FALSE,102,6,18,24,18,12,6,18,0,0,41,76,42
21/10/23,Saturday,127,95,,October,FALSE,TRUE,TRUE,FALSE,137,8,24,33,24,16,8,24,0,0,63,98,61
22/10/23,Sunday,134,0,,October,FALSE,FALSE,TRUE,FALSE,111,6,19,29,19,13,6,19,0,0,74,36,24
23/10/23,Monday,86,0,,October,FALSE,FALSE,FALSE,FALSE,80,4,14,21,14,9,4,14,0,0,44,27,15
24/10/23,Tuesday,97,0,,October,FALSE,FALSE,FALSE,FALSE,105,6,18,27,18,12,6,18,0,0,49,33,15
25/10/23,Wednesday,106,78,,October,FALSE,TRUE,TRUE,FALSE,104,6,18,26,18,12,6,18,0,0,64,73,47
26/10/23,Thursday,141,97,,October,TRUE,TRUE,TRUE,FALSE,107,6,18,29,18,12,6,18,0,0,67,109,62
27/10/23,Friday,106,0,,October,FALSE,FALSE,TRUE,FALSE,126,7,22,32,22,14,7,22,0,0,46,34,26
28/10/23,Saturday,117,117,,October,FALSE,TRUE,TRUE,TRUE,113,6,19,31,19,13,6,19,0,0,62,110,62
29/10/23,Sunday,101,108,,October,FALSE,TRUE,TRUE,TRUE,120,7,21,29,21,14,7,21,0,0,55,98,56
30/10/23,Monday,104,0,,October,FALSE,FALSE,TRUE,FALSE,120,7,21,29,21,14,7,21,0,0,50,37,17
31/10/23,Tuesday,86,0,,October,FALSE,FALSE,FALSE,FALSE,74,4,13,19,13,8,4,13,0,0,43,25,18
1/11/23,Wednesday,85,0,,November,FALSE,FALSE,FALSE,FALSE,88,5,15,23,15,10,5,15,0,0,47,21,17
2/11/23,Thursday,103,83,,November,FALSE,TRUE,TRUE,FALSE,86,5,15,21,15,10,5,15,0,0,58,78,50
3/11/23,Friday,112,77,,November,FALSE,TRUE,TRUE,FALSE,102,6,18,24,18,12,6,18,0,0,57,81,51
4/11/23,Saturday,129,81,,November,FALSE,TRUE,TRUE,FALSE,141,8,24,37,24,16,8,24,0,0,59,94,57
5/11/23,Sunday,110,88,,November,FALSE,TRUE,TRUE,FALSE,137,8,24,33,24,16,8,24,0,0,54,98,46
6/11/23,Monday,105,75,,November,FALSE,TRUE,TRUE,FALSE,120,7,21,29,21,14,7,21,0,0,52,82,46
7/11/23,Tuesday,107,61,,November,FALSE,TRUE,TRUE,FALSE,128,7,22,33,22,15,7,22,0,0,54,66,48
8/11/23,Wednesday,100,0,,November,FALSE,FALSE,FALSE,FALSE,118,6,20,33,20,13,6,20,0,0,49,29,22
9/11/23,Thursday,86,0,,November,FALSE,FALSE,FALSE,FALSE,76,4,13,21,13,8,4,13,0,0,50,19,17
10/11/23,Friday,120,77,,November,TRUE,TRUE,TRUE,FALSE,133,7,23,35,23,15,7,23,0,0,53,89,55
11/11/23,Saturday,112,0,,November,FALSE,FALSE,TRUE,FALSE,136,8,24,32,24,16,8,24,0,0,55,39,18
12/11/23,Sunday,130,0,,November,FALSE,FALSE,TRUE,FALSE,160,9,28,40,28,18,9,28,0,0,66,30,34
13/11/23,Monday,101,78,,November,FALSE,TRUE,TRUE,FALSE,119,7,21,28,21,14,7,21,0,0,59,76,44
14/11/23,Tuesday,107,71,,November,FALSE,TRUE,TRUE,FALSE,91,5,16,23,16,10,5,16,0,0,47,77,54
15/11/23,Wednesday,119,0,,November,FALSE,FALSE,TRUE,FALSE,125,7,22,31,22,14,7,22,0,0,64,39,16
16/11/23,Thursday,86,0,,November,FALSE,FALSE,FALSE,FALSE,107,6,18,29,18,12,6,18,0,0,41,32,13
17/11/23,Friday,80,99,,November,FALSE,TRUE,FALSE,FALSE,100,5,17,28,17,11,5,17,0,0,54,80,45
18/11/23,Saturday,119,0,,November,FALSE,FALSE,TRUE,FALSE,99,5,17,27,17,11,5,17,0,0,56,37,26
19/11/23,Sunday,103,89,,November,FALSE,TRUE,TRUE,FALSE,117,6,20,32,20,13,6,20,0,0,48,88,56
20/11/23,Monday,109,61,,November,FALSE,TRUE,TRUE,FALSE,121,7,21,30,21,14,7,21,0,0,46,79,45
21/11/23,Tuesday,102,89,,November,FALSE,TRUE,TRUE,FALSE,91,5,16,23,16,10,5,16,0,0,50,96,45
22/11/23,Wednesday,147,163,Deepavali,November,FALSE,TRUE,TRUE,TRUE,169,9,29,45,29,19,9,29,0,0,69,144,97
23/11/23,Thursday,111,67,,November,FALSE,TRUE,TRUE,FALSE,97,5,17,25,17,11,5,17,0,0,52,80,46
24/11/23,Friday,109,89,,November,FALSE,TRUE,TRUE,FALSE,107,6,18,29,18,12,6,18,0,0,61,87,50
25/11/23,Saturday,146,101,,November,FALSE,TRUE,TRUE,TRUE,181,10,31,47,31,21,10,31,0,0,73,112,62
26/11/23,Sunday,140,118,,November,TRUE,TRUE,TRUE,TRUE,137,8,24,33,24,16,8,24,0,0,68,127,63
27/11/23,Monday,109,0,,November,FALSE,FALSE,TRUE,FALSE,122,7,21,31,21,14,7,21,0,0,54,36,19
28/11/23,Tuesday,118,87,,November,TRUE,TRUE,TRUE,FALSE,138,8,24,34,24,16,8,24,0,0,72,82,51
29/11/23,Wednesday,119,95,,November,FALSE,TRUE,TRUE,FALSE,131,7,23,33,23,15,7,23,0,0,52,111,51
30/11/23,Thursday,98,0,,November,FALSE,FALSE,FALSE,FALSE,79,4,13,23,13,9,4,13,0,0,57,24,17
1/12/23,Friday,97,0,,December,FALSE,FALSE,FALSE,FALSE,113,6,19,31,19,13,6,19,0,0,44,30,23
2/12/23,Saturday,125,0,,December,FALSE,FALSE,TRUE,FALSE,122,7,21,31,21,14,7,21,0,0,71,31,23
3/12/23,Sunday,108,0,,December,FALSE,FALSE,TRUE,FALSE,105,6,18,27,18,12,6,18,0,0,45,37,26
4/12/23,Monday,81,0,,December,FALSE,FALSE,FALSE,FALSE,94,5,16,25,16,11,5,16,0,0,42,23,16
5/12/23,Tuesday,107,0,,December,FALSE,FALSE,TRUE,FALSE,112,6,19,30,19,13,6,19,0,0,53,37,17
6/12/23,Wednesday,109,75,,December,FALSE,TRUE,TRUE,FALSE,94,5,16,25,16,11,5,16,0,0,49,88,47
7/12/23,Thursday,117,74,,December,FALSE,TRUE,TRUE,FALSE,112,6,19,30,19,13,6,19,0,0,68,81,42
8/12/23,Friday,83,66,,December,FALSE,TRUE,FALSE,FALSE,68,4,12,16,12,8,4,12,0,0,43,66,40
9/12/23,Saturday,123,108,,December,FALSE,TRUE,TRUE,TRUE,150,8,26,39,26,17,8,26,0,0,57,111,63
10/12/23,Sunday,115,98,,December,FALSE,TRUE,TRUE,FALSE,86,5,15,21,15,10,5,15,0,0,54,102,57
11/12/23,Monday,108,0,,December,FALSE,FALSE,TRUE,FALSE,112,6,19,30,19,13,6,19,0,0,52,38,18
12/12/23,Tuesday,118,0,,December,FALSE,FALSE,TRUE,FALSE,92,5,16,24,16,10,5,16,0,0,42,44,32
13/12/23,Wednesday,82,0,,December,FALSE,FALSE,FALSE,FALSE,72,4,12,20,12,8,4,12,0,0,42,26,14
14/12/23,Thursday,111,89,,December,FALSE,TRUE,TRUE,FALSE,130,7,22,35,22,15,7,22,0,0,43,104,53
15/12/23,Friday,111,100,,December,TRUE,TRUE,TRUE,FALSE,124,7,21,33,21,14,7,21,0,0,60,93,58
16/12/23,Saturday,149,110,,December,FALSE,TRUE,TRUE,TRUE,185,10,32,48,32,21,10,32,0,0,74,123,62
17/12/23,Sunday,123,80,,December,FALSE,TRUE,TRUE,FALSE,100,5,17,28,17,11,5,17,0,0,62,86,55
18/12/23,Monday,113,0,,December,FALSE,FALSE,TRUE,FALSE,123,7,21,32,21,14,7,21,0,0,61,29,23
19/12/23,Tuesday,112,77,,December,FALSE,TRUE,TRUE,FALSE,103,6,18,25,18,12,6,18,0,0,54,82,53
20/12/23,Wednesday,102,0,,December,FALSE,FALSE,TRUE,FALSE,89,5,15,24,15,10,5,15,0,0,61,21,20
21/12/23,Thursday,107,0,,December,FALSE,FALSE,TRUE,FALSE,107,6,18,29,18,12,6,18,0,0,55,32,20
22/12/23,Friday,111,0,,December,FALSE,FALSE,TRUE,FALSE,126,7,22,32,22,14,7,22,0,0,60,31,20
23/12/23,Saturday,117,0,,December,FALSE,FALSE,TRUE,FALSE,131,7,23,33,23,15,7,23,0,0,56,40,21
24/12/23,Sunday,118,90,,December,FALSE,TRUE,TRUE,FALSE,142,8,25,35,25,16,8,25,0,0,64,92,52
25/12/23,Monday,130,96,Christmas Day,December,FALSE,TRUE,TRUE,FALSE,154,9,27,37,27,18,9,27,0,0,71,101,54
26/12/23,Tuesday,80,73,,December,FALSE,TRUE,FALSE,FALSE,63,3,11,17,11,7,3,11,0,0,45,68,40
27/12/23,Wednesday,82,0,,December,FALSE,FALSE,FALSE,FALSE,81,4,14,22,14,9,4,14,0,0,44,27,11
28/12/23,Thursday,128,110,,December,TRUE,TRUE,TRUE,TRUE,149,8,26,38,26,17,8,26,0,0,61,125,52
29/12/23,Friday,127,111,,December,TRUE,TRUE,TRUE,TRUE,113,6,19,31,19,13,6,19,0,0,69,109,60
30/12/23,Saturday,146,0,,December,FALSE,FALSE,TRUE,FALSE,168,9,29,44,29,19,9,29,0,0,84,37,25
31/12/23,Sunday,148,0,,December,FALSE,FALSE,TRUE,FALSE,166,9,29,42,29,19,9,29,0,0,76,41,31