Date,Day,Customers_Chinese,Customers_India,Public Holiday,Month,Event,India_Reservation,Chinese > 100,Indian > 100
1/1/2021,Friday,177,96,New Year's Day,January,FALSE,TRUE,TRUE,FALSE
2/1/2021,Saturday,132,114,,January,FALSE,TRUE,TRUE,TRUE
3/1/2021,Sunday,127,0,,January,FALSE,FALSE,TRUE,FALSE
4/1/2021,Monday,87,76,,January,FALSE,TRUE,FALSE,FALSE
5/1/2021,Tuesday,125,96,,January,TRUE,TRUE,TRUE,FALSE
6/1/2021,Wednesday,118,0,,January,FALSE,FALSE,TRUE,FALSE
7/1/2021,Thursday,98,0,,January,FALSE,FALSE,FALSE,FALSE
8/1/2021,Friday,102,0,,January,FALSE,FALSE,TRUE,FALSE
9/1/2021,Saturday,123,0,,January,FALSE,FALSE,TRUE,FALSE
10/1/2021,Sunday,113,80,,January,FALSE,TRUE,TRUE,FALSE
11/1/2021,Monday,103,0,,January,FALSE,FALSE,TRUE,FALSE
12/1/2021,Tuesday,115,71,,January,FALSE,TRUE,TRUE,FALSE
13/1/2021,Wednesday,119,0,,January,FALSE,FALSE,TRUE,FALSE
14/1/2021,Thursday,103,0,,January,FALSE,FALSE,TRUE,FALSE
15/1/2021,Friday,82,94,,January,FALSE,TRUE,FALSE,FALSE
16/1/2021,Saturday,136,0,,January,FALSE,FALSE,TRUE,FALSE
17/1/2021,Sunday,120,0,,January,FALSE,FALSE,TRUE,FALSE
18/1/2021,Monday,103,95,,January,FALSE,TRUE,TRUE,FALSE
19/1/2021,Tuesday,109,64,,January,FALSE,TRUE,TRUE,FALSE
20/1/2021,Wednesday,117,0,,January,FALSE,FALSE,TRUE,FALSE
21/1/2021,Thursday,81,72,,January,FALSE,TRUE,FALSE,FALSE
22/1/2021,Friday,100,84,,January,FALSE,TRUE,FALSE,FALSE
23/1/2021,Saturday,109,0,,January,FALSE,FALSE,TRUE,FALSE
24/1/2021,Sunday,106,87,,January,FALSE,TRUE,TRUE,FALSE
25/1/2021,Monday,101,69,,January,FALSE,TRUE,TRUE,FALSE
26/1/2021,Tuesday,104,94,,January,FALSE,TRUE,TRUE,FALSE
27/1/2021,Wednesday,106,64,,January,FALSE,TRUE,TRUE,FALSE
28/1/2021,Thursday,107,88,,January,FALSE,TRUE,TRUE,FALSE
29/1/2021,Friday,118,86,,January,TRUE,TRUE,TRUE,FALSE
30/1/2021,Saturday,118,113,,January,FALSE,TRUE,TRUE,TRUE
31/1/2021,Sunday,168,132,,January,TRUE,TRUE,TRUE,TRUE
1/2/2021,Monday,116,92,,February,FALSE,TRUE,TRUE,FALSE
2/2/2021,Tuesday,86,63,,February,FALSE,TRUE,FALSE,FALSE
3/2/2021,Wednesday,100,94,,February,FALSE,TRUE,FALSE,FALSE
4/2/2021,Thursday,88,85,,February,FALSE,TRUE,FALSE,FALSE
5/2/2021,Friday,118,89,,February,FALSE,TRUE,TRUE,FALSE
6/2/2021,Saturday,104,85,,February,FALSE,TRUE,TRUE,FALSE
7/2/2021,Sunday,119,100,,February,FALSE,TRUE,TRUE,FALSE
8/2/2021,Monday,104,0,,February,FALSE,FALSE,TRUE,FALSE
9/2/2021,Tuesday,93,70,,February,FALSE,TRUE,FALSE,FALSE
10/2/2021,Wednesday,88,87,,February,FALSE,TRUE,FALSE,FALSE
11/2/2021,Thursday,105,0,,February,FALSE,FALSE,TRUE,FALSE
12/2/2021,Friday,226,170,Chinese New Year,February,TRUE,TRUE,TRUE,TRUE
13/2/2021,Saturday,111,0,,February,FALSE,FALSE,TRUE,FALSE
14/2/2021,Sunday,119,0,,February,FALSE,FALSE,TRUE,FALSE
15/2/2021,Monday,86,78,,February,FALSE,TRUE,FALSE,FALSE
16/2/2021,Tuesday,87,83,,February,FALSE,TRUE,FALSE,FALSE
17/2/2021,Wednesday,114,63,,February,FALSE,TRUE,TRUE,FALSE
18/2/2021,Thursday,93,0,,February,FALSE,FALSE,FALSE,FALSE
19/2/2021,Friday,96,84,,February,FALSE,TRUE,FALSE,FALSE
20/2/2021,Saturday,133,87,,February,FALSE,TRUE,TRUE,FALSE
21/2/2021,Sunday,143,0,,February,FALSE,FALSE,TRUE,FALSE
22/2/2021,Monday,83,0,,February,FALSE,FALSE,FALSE,FALSE
23/2/2021,Tuesday,101,101,,February,TRUE,TRUE,TRUE,TRUE
24/2/2021,Wednesday,85,0,,February,FALSE,FALSE,FALSE,FALSE
25/2/2021,Thursday,103,98,,February,TRUE,TRUE,TRUE,FALSE
26/2/2021,Friday,108,0,,February,FALSE,FALSE,TRUE,FALSE
27/2/2021,Saturday,109,85,,February,FALSE,TRUE,TRUE,FALSE
28/2/2021,Sunday,129,93,,February,FALSE,TRUE,TRUE,FALSE
1/3/2021,Monday,113,87,,March,FALSE,TRUE,TRUE,FALSE
2/3/2021,Tuesday,89,66,,March,FALSE,TRUE,FALSE,FALSE
3/3/2021,Wednesday,115,0,,March,FALSE,FALSE,TRUE,FALSE
4/3/2021,Thursday,93,76,,March,FALSE,TRUE,FALSE,FALSE
5/3/2021,Friday,137,92,,March,TRUE,TRUE,TRUE,FALSE
6/3/2021,Saturday,116,90,,March,FALSE,TRUE,TRUE,FALSE
7/3/2021,Sunday,113,0,,March,FALSE,FALSE,TRUE,FALSE
8/3/2021,Monday,116,113,,March,TRUE,TRUE,TRUE,TRUE
9/3/2021,Tuesday,102,0,,March,FALSE,FALSE,TRUE,FALSE
10/3/2021,Wednesday,119,93,,March,FALSE,TRUE,TRUE,FALSE
11/3/2021,Thursday,100,65,,March,FALSE,TRUE,FALSE,FALSE
12/3/2021,Friday,95,0,,March,FALSE,FALSE,FALSE,FALSE
13/3/2021,Saturday,138,0,,March,FALSE,FALSE,TRUE,FALSE
14/3/2021,Sunday,108,108,,March,FALSE,TRUE,TRUE,TRUE
15/3/2021,Monday,105,69,,March,FALSE,TRUE,TRUE,FALSE
16/3/2021,Tuesday,104,0,,March,FALSE,FALSE,TRUE,FALSE
17/3/2021,Wednesday,108,66,,March,FALSE,TRUE,TRUE,FALSE
18/3/2021,Thursday,94,83,,March,FALSE,TRUE,FALSE,FALSE
19/3/2021,Friday,80,85,,March,FALSE,TRUE,FALSE,FALSE
20/3/2021,Saturday,128,0,,March,FALSE,FALSE,TRUE,FALSE
21/3/2021,Sunday,144,110,,March,FALSE,TRUE,TRUE,TRUE
22/3/2021,Monday,88,84,,March,FALSE,TRUE,FALSE,FALSE
23/3/2021,Tuesday,103,96,,March,FALSE,TRUE,TRUE,FALSE
24/3/2021,Wednesday,80,0,,March,FALSE,FALSE,FALSE,FALSE
25/3/2021,Thursday,87,83,,March,FALSE,TRUE,FALSE,FALSE
26/3/2021,Friday,103,96,,March,FALSE,TRUE,TRUE,FALSE
27/3/2021,Saturday,146,125,,March,TRUE,TRUE,TRUE,TRUE
28/3/2021,Sunday,120,92,,March,FALSE,TRUE,TRUE,FALSE
29/3/2021,Monday,87,85,,March,FALSE,TRUE,FALSE,FALSE
30/3/2021,Tuesday,114,0,,March,FALSE,FALSE,TRUE,FALSE
31/3/2021,Wednesday,114,83,,March,FALSE,TRUE,TRUE,FALSE
1/4/2021,Thursday,112,84,,April,FALSE,TRUE,TRUE,FALSE
2/4/2021,Friday,126,139,Good Friday,April,FALSE,TRUE,TRUE,TRUE
3/4/2021,Saturday,145,147,,April,TRUE,TRUE,TRUE,TRUE
4/4/2021,Sunday,136,84,,April,FALSE,TRUE,TRUE,FALSE
5/4/2021,Monday,86,0,,April,FALSE,FALSE,FALSE,FALSE
6/4/2021,Tuesday,88,0,,April,FALSE,FALSE,FALSE,FALSE
7/4/2021,Wednesday,87,0,,April,FALSE,FALSE,FALSE,FALSE
8/4/2021,Thursday,91,0,,April,FALSE,FALSE,FALSE,FALSE
9/4/2021,Friday,113,0,,April,FALSE,FALSE,TRUE,FALSE
10/4/2021,Saturday,121,0,,April,FALSE,FALSE,TRUE,FALSE
11/4/2021,Sunday,120,0,,April,FALSE,FALSE,TRUE,FALSE
12/4/2021,Monday,103,94,,April,FALSE,TRUE,TRUE,FALSE
13/4/2021,Tuesday,116,0,,April,FALSE,FALSE,TRUE,FALSE
14/4/2021,Wednesday,114,0,,April,FALSE,FALSE,TRUE,FALSE
15/4/2021,Thursday,119,0,,April,FALSE,FALSE,TRUE,FALSE
16/4/2021,Friday,101,0,,April,FALSE,FALSE,TRUE,FALSE
17/4/2021,Saturday,133,98,,April,FALSE,TRUE,TRUE,FALSE
18/4/2021,Sunday,111,112,,April,FALSE,TRUE,TRUE,TRUE
19/4/2021,Monday,80,0,,April,FALSE,FALSE,FALSE,FALSE
20/4/2021,Tuesday,114,0,,April,FALSE,FALSE,TRUE,FALSE
21/4/2021,Wednesday,116,80,,April,FALSE,TRUE,TRUE,FALSE
22/4/2021,Thursday,93,0,,April,FALSE,FALSE,FALSE,FALSE
23/4/2021,Friday,82,0,,April,FALSE,FALSE,FALSE,FALSE
24/4/2021,Saturday,125,0,,April,FALSE,FALSE,TRUE,FALSE
25/4/2021,Sunday,120,0,,April,FALSE,FALSE,TRUE,FALSE
26/4/2021,Monday,105,0,,April,FALSE,FALSE,TRUE,FALSE
27/4/2021,Tuesday,116,103,,April,TRUE,TRUE,TRUE,TRUE
28/4/2021,Wednesday,118,0,,April,FALSE,FALSE,TRUE,FALSE
29/4/2021,Thursday,132,117,,April,TRUE,TRUE,TRUE,TRUE
30/4/2021,Friday,88,83,,April,FALSE,TRUE,FALSE,FALSE
1/5/2021,Saturday,202,162,Labour Day,May,FALSE,TRUE,TRUE,TRUE
2/5/2021,Sunday,125,0,,May,FALSE,FALSE,TRUE,FALSE
3/5/2021,Monday,105,63,,May,FALSE,TRUE,TRUE,FALSE
4/5/2021,Tuesday,92,93,,May,FALSE,TRUE,FALSE,FALSE
5/5/2021,Wednesday,111,82,,May,FALSE,TRUE,TRUE,FALSE
6/5/2021,Thursday,118,0,,May,FALSE,FALSE,TRUE,FALSE
7/5/2021,Friday,111,0,,May,FALSE,FALSE,TRUE,FALSE
8/5/2021,Saturday,135,0,,May,FALSE,FALSE,TRUE,FALSE
9/5/2021,Sunday,148,93,,May,FALSE,TRUE,TRUE,FALSE
10/5/2021,Monday,116,0,,May,FALSE,FALSE,TRUE,FALSE
11/5/2021,Tuesday,102,81,,May,FALSE,TRUE,TRUE,FALSE
12/5/2021,Wednesday,118,0,,May,FALSE,FALSE,TRUE,FALSE
13/5/2021,Thursday,141,136,Hari Raya Puasa,May,FALSE,TRUE,TRUE,TRUE
14/5/2021,Friday,108,90,,May,FALSE,TRUE,TRUE,FALSE
15/5/2021,Saturday,153,116,,May,TRUE,TRUE,TRUE,TRUE
16/5/2021,Sunday,121,0,,May,FALSE,FALSE,TRUE,FALSE
17/5/2021,Monday,111,0,,May,FALSE,FALSE,TRUE,FALSE
18/5/2021,Tuesday,86,61,,May,FALSE,TRUE,FALSE,FALSE
19/5/2021,Wednesday,126,86,,May,TRUE,TRUE,TRUE,FALSE
20/5/2021,Thursday,107,0,,May,FALSE,FALSE,TRUE,FALSE
21/5/2021,Friday,81,0,,May,FALSE,FALSE,FALSE,FALSE
22/5/2021,Saturday,118,104,,May,FALSE,TRUE,TRUE,TRUE
23/5/2021,Sunday,167,112,,May,TRUE,TRUE,TRUE,TRUE
24/5/2021,Monday,107,0,,May,FALSE,FALSE,TRUE,FALSE
25/5/2021,Tuesday,99,93,,May,FALSE,TRUE,FALSE,FALSE
26/5/2021,Wednesday,163,127,Vesak Day,May,FALSE,TRUE,TRUE,TRUE
27/5/2021,Thursday,90,83,,May,FALSE,TRUE,FALSE,FALSE
28/5/2021,Friday,107,88,,May,FALSE,TRUE,TRUE,FALSE
29/5/2021,Saturday,108,0,,May,FALSE,FALSE,TRUE,FALSE
30/5/2021,Sunday,125,106,,May,FALSE,TRUE,TRUE,TRUE
31/5/2021,Monday,112,0,,May,FALSE,FALSE,TRUE,FALSE
1/6/2021,Tuesday,120,136,,June,TRUE,TRUE,TRUE,TRUE
2/6/2021,Wednesday,127,0,,June,FALSE,FALSE,TRUE,FALSE
3/6/2021,Thursday,110,0,,June,FALSE,FALSE,TRUE,FALSE
4/6/2021,Friday,98,91,,June,FALSE,TRUE,FALSE,FALSE
5/6/2021,Saturday,120,0,,June,FALSE,FALSE,TRUE,FALSE
6/6/2021,Sunday,148,0,,June,FALSE,FALSE,TRUE,FALSE
7/6/2021,Monday,104,0,,June,FALSE,FALSE,TRUE,FALSE
8/6/2021,Tuesday,158,102,,June,TRUE,TRUE,TRUE,TRUE
9/6/2021,Wednesday,105,0,,June,FALSE,FALSE,TRUE,FALSE
10/6/2021,Thursday,139,79,,June,FALSE,TRUE,TRUE,FALSE
11/6/2021,Friday,134,0,,June,FALSE,FALSE,TRUE,FALSE
12/6/2021,Saturday,160,120,,June,FALSE,TRUE,TRUE,TRUE
13/6/2021,Sunday,122,109,,June,FALSE,TRUE,TRUE,TRUE
14/6/2021,Monday,133,0,,June,FALSE,FALSE,TRUE,FALSE
15/6/2021,Tuesday,166,120,,June,TRUE,TRUE,TRUE,TRUE
16/6/2021,Wednesday,123,0,,June,FALSE,FALSE,TRUE,FALSE
17/6/2021,Thursday,109,98,,June,FALSE,TRUE,TRUE,FALSE
18/6/2021,Friday,141,0,,June,FALSE,FALSE,TRUE,FALSE
19/6/2021,Saturday,164,0,,June,FALSE,FALSE,TRUE,FALSE
20/6/2021,Sunday,159,138,,June,FALSE,TRUE,TRUE,TRUE
21/6/2021,Monday,139,99,,June,FALSE,TRUE,TRUE,FALSE
22/6/2021,Tuesday,115,111,,June,FALSE,TRUE,TRUE,TRUE
23/6/2021,Wednesday,97,88,,June,FALSE,TRUE,FALSE,FALSE
24/6/2021,Thursday,97,0,,June,FALSE,FALSE,FALSE,FALSE
25/6/2021,Friday,128,0,,June,FALSE,FALSE,TRUE,FALSE
26/6/2021,Saturday,139,0,,June,FALSE,FALSE,TRUE,FALSE
27/6/2021,Sunday,130,121,,June,FALSE,TRUE,TRUE,TRUE
28/6/2021,Monday,133,0,,June,FALSE,FALSE,TRUE,FALSE
29/6/2021,Tuesday,134,0,,June,FALSE,FALSE,TRUE,FALSE
30/6/2021,Wednesday,96,74,,June,FALSE,TRUE,FALSE,FALSE
1/7/2021,Thursday,117,118,,July,FALSE,TRUE,TRUE,TRUE
2/7/2021,Friday,97,0,,July,FALSE,FALSE,FALSE,FALSE
3/7/2021,Saturday,141,0,,July,FALSE,FALSE,TRUE,FALSE
4/7/2021,Sunday,128,0,,July,FALSE,FALSE,TRUE,FALSE
5/7/2021,Monday,102,0,,July,FALSE,FALSE,TRUE,FALSE
6/7/2021,Tuesday,133,72,,July,FALSE,TRUE,TRUE,FALSE
7/7/2021,Wednesday,99,81,,July,FALSE,TRUE,FALSE,FALSE
8/7/2021,Thursday,108,103,,July,FALSE,TRUE,TRUE,TRUE
9/7/2021,Friday,115,100,,July,FALSE,TRUE,TRUE,FALSE
10/7/2021,Saturday,138,0,,July,FALSE,FALSE,TRUE,FALSE
11/7/2021,Sunday,126,120,,July,FALSE,TRUE,TRUE,TRUE
12/7/2021,Monday,100,91,,July,FALSE,TRUE,FALSE,FALSE
13/7/2021,Tuesday,135,0,,July,FALSE,FALSE,TRUE,FALSE
14/7/2021,Wednesday,102,111,,July,FALSE,TRUE,TRUE,TRUE
15/7/2021,Thursday,151,127,,July,TRUE,TRUE,TRUE,TRUE
16/7/2021,Friday,108,102,,July,FALSE,TRUE,TRUE,TRUE
17/7/2021,Saturday,170,175,,July,TRUE,TRUE,TRUE,TRUE
18/7/2021,Sunday,150,128,,July,FALSE,TRUE,TRUE,TRUE
19/7/2021,Monday,105,0,,July,FALSE,FALSE,TRUE,FALSE
20/7/2021,Tuesday,102,100,,July,FALSE,TRUE,TRUE,FALSE
21/7/2021,Wednesday,114,0,,July,FALSE,FALSE,TRUE,FALSE
22/7/2021,Thursday,129,0,,July,FALSE,FALSE,TRUE,FALSE
23/7/2021,Friday,98,0,,July,FALSE,FALSE,FALSE,FALSE
24/7/2021,Saturday,130,0,,July,FALSE,FALSE,TRUE,FALSE
25/7/2021,Sunday,138,0,,July,FALSE,FALSE,TRUE,FALSE
26/7/2021,Monday,117,92,,July,FALSE,TRUE,TRUE,FALSE
27/7/2021,Tuesday,126,0,,July,FALSE,FALSE,TRUE,FALSE
28/7/2021,Wednesday,98,0,,July,FALSE,FALSE,FALSE,FALSE
29/7/2021,Thursday,117,0,,July,FALSE,FALSE,TRUE,FALSE
30/7/2021,Friday,118,0,,July,FALSE,FALSE,TRUE,FALSE
31/7/2021,Saturday,181,162,,July,TRUE,TRUE,TRUE,TRUE
1/8/2021,Sunday,127,139,,August,FALSE,TRUE,TRUE,TRUE
2/8/2021,Monday,134,0,,August,FALSE,FALSE,TRUE,FALSE
3/8/2021,Tuesday,142,109,,August,FALSE,TRUE,TRUE,TRUE
4/8/2021,Wednesday,141,110,,August,FALSE,TRUE,TRUE,TRUE
5/8/2021,Thursday,116,84,,August,FALSE,TRUE,TRUE,FALSE
6/8/2021,Friday,142,80,,August,FALSE,TRUE,TRUE,FALSE
7/8/2021,Saturday,128,98,,August,FALSE,TRUE,TRUE,FALSE
8/8/2021,Sunday,178,0,,August,FALSE,FALSE,TRUE,FALSE
9/8/2021,Monday,192,122,National Day,August,FALSE,TRUE,TRUE,TRUE
10/8/2021,Tuesday,124,0,,August,FALSE,FALSE,TRUE,FALSE
11/8/2021,Wednesday,122,78,,August,FALSE,TRUE,TRUE,FALSE
12/8/2021,Thursday,165,143,,August,TRUE,TRUE,TRUE,TRUE
13/8/2021,Friday,130,0,,August,FALSE,FALSE,TRUE,FALSE
14/8/2021,Saturday,206,155,,August,TRUE,TRUE,TRUE,TRUE
15/8/2021,Sunday,160,122,,August,FALSE,TRUE,TRUE,TRUE
16/8/2021,Monday,114,0,,August,FALSE,FALSE,TRUE,FALSE
17/8/2021,Tuesday,126,0,,August,FALSE,FALSE,TRUE,FALSE
18/8/2021,Wednesday,97,73,,August,FALSE,TRUE,FALSE,FALSE
19/8/2021,Thursday,96,111,,August,FALSE,TRUE,FALSE,TRUE
20/8/2021,Friday,109,105,,August,FALSE,TRUE,TRUE,TRUE
21/8/2021,Saturday,156,0,,August,FALSE,FALSE,TRUE,FALSE
22/8/2021,Sunday,147,0,,August,FALSE,FALSE,TRUE,FALSE
23/8/2021,Monday,133,0,,August,FALSE,FALSE,TRUE,FALSE
24/8/2021,Tuesday,105,0,,August,FALSE,FALSE,TRUE,FALSE
25/8/2021,Wednesday,136,99,,August,FALSE,TRUE,TRUE,FALSE
26/8/2021,Thursday,146,140,,August,TRUE,TRUE,TRUE,TRUE
27/8/2021,Friday,114,0,,August,FALSE,FALSE,TRUE,FALSE
28/8/2021,Saturday,163,111,,August,FALSE,TRUE,TRUE,TRUE
29/8/2021,Sunday,170,134,,August,FALSE,TRUE,TRUE,TRUE
30/8/2021,Monday,123,0,,August,FALSE,FALSE,TRUE,FALSE
31/8/2021,Tuesday,134,0,,August,FALSE,FALSE,TRUE,FALSE
1/9/2021,Wednesday,103,0,,September,FALSE,FALSE,TRUE,FALSE
2/9/2021,Thursday,90,95,,September,FALSE,TRUE,FALSE,FALSE
3/9/2021,Friday,87,0,,September,FALSE,FALSE,FALSE,FALSE
4/9/2021,Saturday,114,0,,September,FALSE,FALSE,TRUE,FALSE
5/9/2021,Sunday,148,0,,September,FALSE,FALSE,TRUE,FALSE
6/9/2021,Monday,119,70,,September,FALSE,TRUE,TRUE,FALSE
7/9/2021,Tuesday,99,68,,September,FALSE,TRUE,FALSE,FALSE
8/9/2021,Wednesday,114,94,,September,FALSE,TRUE,TRUE,FALSE
9/9/2021,Thursday,104,0,,September,FALSE,FALSE,TRUE,FALSE
10/9/2021,Friday,114,0,,September,FALSE,FALSE,TRUE,FALSE
11/9/2021,Saturday,117,96,,September,FALSE,TRUE,TRUE,FALSE
12/9/2021,Sunday,132,101,,September,FALSE,TRUE,TRUE,TRUE
13/9/2021,Monday,97,0,,September,FALSE,FALSE,FALSE,FALSE
14/9/2021,Tuesday,97,70,,September,FALSE,TRUE,FALSE,FALSE
15/9/2021,Wednesday,81,0,,September,FALSE,FALSE,FALSE,FALSE
16/9/2021,Thursday,114,78,,September,FALSE,TRUE,TRUE,FALSE
17/9/2021,Friday,95,70,,September,FALSE,TRUE,FALSE,FALSE
18/9/2021,Saturday,167,107,,September,TRUE,TRUE,TRUE,TRUE
19/9/2021,Sunday,141,110,,September,FALSE,TRUE,TRUE,TRUE
20/9/2021,Monday,83,74,,September,FALSE,TRUE,FALSE,FALSE
21/9/2021,Tuesday,140,87,,September,TRUE,TRUE,TRUE,FALSE
22/9/2021,Wednesday,93,0,,September,FALSE,FALSE,FALSE,FALSE
23/9/2021,Thursday,100,74,,September,FALSE,TRUE,FALSE,FALSE
24/9/2021,Friday,99,0,,September,FALSE,FALSE,FALSE,FALSE
25/9/2021,Saturday,131,98,,September,FALSE,TRUE,TRUE,FALSE
26/9/2021,Sunday,163,100,,September,TRUE,TRUE,TRUE,FALSE
27/9/2021,Monday,82,66,,September,FALSE,TRUE,FALSE,FALSE
28/9/2021,Tuesday,96,73,,September,FALSE,TRUE,FALSE,FALSE
29/9/2021,Wednesday,112,69,,September,FALSE,TRUE,TRUE,FALSE
30/9/2021,Thursday,91,86,,September,FALSE,TRUE,FALSE,FALSE
1/10/2021,Friday,101,83,,October,FALSE,TRUE,TRUE,FALSE
2/10/2021,Saturday,128,0,,October,FALSE,FALSE,TRUE,FALSE
3/10/2021,Sunday,143,0,,October,FALSE,FALSE,TRUE,FALSE
4/10/2021,Monday,117,0,,October,FALSE,FALSE,TRUE,FALSE
5/10/2021,Tuesday,117,82,,October,FALSE,TRUE,TRUE,FALSE
6/10/2021,Wednesday,87,93,,October,FALSE,TRUE,FALSE,FALSE
7/10/2021,Thursday,132,122,,October,TRUE,TRUE,TRUE,TRUE
8/10/2021,Friday,132,121,,October,TRUE,TRUE,TRUE,TRUE
9/10/2021,Saturday,124,0,,October,FALSE,FALSE,TRUE,FALSE
10/10/2021,Sunday,138,0,,October,FALSE,FALSE,TRUE,FALSE
11/10/2021,Monday,109,77,,October,FALSE,TRUE,TRUE,FALSE
12/10/2021,Tuesday,112,94,,October,FALSE,TRUE,TRUE,FALSE
13/10/2021,Wednesday,107,0,,October,FALSE,FALSE,TRUE,FALSE
14/10/2021,Thursday,112,0,,October,FALSE,FALSE,TRUE,FALSE
15/10/2021,Friday,84,0,,October,FALSE,FALSE,FALSE,FALSE
16/10/2021,Saturday,102,0,,October,FALSE,FALSE,TRUE,FALSE
17/10/2021,Sunday,144,0,,October,FALSE,FALSE,TRUE,FALSE
18/10/2021,Monday,114,0,,October,FALSE,FALSE,TRUE,FALSE
19/10/2021,Tuesday,96,82,,October,FALSE,TRUE,FALSE,FALSE
20/10/2021,Wednesday,107,0,,October,FALSE,FALSE,TRUE,FALSE
21/10/2021,Thursday,109,90,,October,FALSE,TRUE,TRUE,FALSE
22/10/2021,Friday,108,90,,October,FALSE,TRUE,TRUE,FALSE
23/10/2021,Saturday,136,92,,October,FALSE,TRUE,TRUE,FALSE
24/10/2021,Sunday,155,106,,October,TRUE,TRUE,TRUE,TRUE
25/10/2021,Monday,116,0,,October,FALSE,FALSE,TRUE,FALSE
26/10/2021,Tuesday,103,66,,October,FALSE,TRUE,TRUE,FALSE
27/10/2021,Wednesday,108,0,,October,FALSE,FALSE,TRUE,FALSE
28/10/2021,Thursday,110,77,,October,FALSE,TRUE,TRUE,FALSE
29/10/2021,Friday,114,79,,October,FALSE,TRUE,TRUE,FALSE
30/10/2021,Saturday,114,0,,October,FALSE,FALSE,TRUE,FALSE
31/10/2021,Sunday,148,0,,October,FALSE,FALSE,TRUE,FALSE
1/11/2021,Monday,111,0,,November,FALSE,FALSE,TRUE,FALSE
2/11/2021,Tuesday,102,85,,November,FALSE,TRUE,TRUE,FALSE
3/11/2021,Wednesday,112,94,,November,FALSE,TRUE,TRUE,FALSE
4/11/2021,Thursday,123,199,Deepavali,November,FALSE,TRUE,TRUE,TRUE
5/11/2021,Friday,97,93,,November,FALSE,TRUE,FALSE,FALSE
6/11/2021,Saturday,142,0,,November,FALSE,FALSE,TRUE,FALSE
7/11/2021,Sunday,105,83,,November,FALSE,TRUE,TRUE,FALSE
8/11/2021,Monday,82,96,,November,FALSE,TRUE,FALSE,FALSE
9/11/2021,Tuesday,119,0,,November,FALSE,FALSE,TRUE,FALSE
10/11/2021,Wednesday,103,70,,November,FALSE,TRUE,TRUE,FALSE
11/11/2021,Thursday,111,0,,November,FALSE,FALSE,TRUE,FALSE
12/11/2021,Friday,101,78,,November,FALSE,TRUE,TRUE,FALSE
13/11/2021,Saturday,133,85,,November,FALSE,TRUE,TRUE,FALSE
14/11/2021,Sunday,155,106,,November,TRUE,TRUE,TRUE,TRUE
15/11/2021,Monday,106,0,,November,FALSE,FALSE,TRUE,FALSE
16/11/2021,Tuesday,81,0,,November,FALSE,FALSE,FALSE,FALSE
17/11/2021,Wednesday,131,98,,November,TRUE,TRUE,TRUE,FALSE
18/11/2021,Thursday,96,63,,November,FALSE,TRUE,FALSE,FALSE
19/11/2021,Friday,119,0,,November,FALSE,FALSE,TRUE,FALSE
20/11/2021,Saturday,144,109,,November,FALSE,TRUE,TRUE,TRUE
21/11/2021,Sunday,145,109,,November,FALSE,TRUE,TRUE,TRUE
22/11/2021,Monday,118,89,,November,FALSE,TRUE,TRUE,FALSE
23/11/2021,Tuesday,108,92,,November,FALSE,TRUE,TRUE,FALSE
24/11/2021,Wednesday,105,90,,November,FALSE,TRUE,TRUE,FALSE
25/11/2021,Thursday,114,0,,November,FALSE,FALSE,TRUE,FALSE
26/11/2021,Friday,104,60,,November,FALSE,TRUE,TRUE,FALSE
27/11/2021,Saturday,148,0,,November,FALSE,FALSE,TRUE,FALSE
28/11/2021,Sunday,127,121,,November,TRUE,TRUE,TRUE,TRUE
29/11/2021,Monday,86,0,,November,FALSE,FALSE,FALSE,FALSE
30/11/2021,Tuesday,115,0,,November,FALSE,FALSE,TRUE,FALSE
1/12/2021,Wednesday,99,95,,December,FALSE,TRUE,FALSE,FALSE
2/12/2021,Thursday,80,0,,December,FALSE,FALSE,FALSE,FALSE
3/12/2021,Friday,87,0,,December,FALSE,FALSE,FALSE,FALSE
4/12/2021,Saturday,148,82,,December,FALSE,TRUE,TRUE,FALSE
5/12/2021,Sunday,108,0,,December,FALSE,FALSE,TRUE,FALSE
6/12/2021,Monday,91,70,,December,FALSE,TRUE,FALSE,FALSE
7/12/2021,Tuesday,102,0,,December,FALSE,FALSE,TRUE,FALSE
8/12/2021,Wednesday,94,64,,December,FALSE,TRUE,FALSE,FALSE
9/12/2021,Thursday,107,0,,December,FALSE,FALSE,TRUE,FALSE
10/12/2021,Friday,141,108,,December,TRUE,TRUE,TRUE,TRUE
11/12/2021,Saturday,149,81,,December,FALSE,TRUE,TRUE,FALSE
12/12/2021,Sunday,117,0,,December,FALSE,FALSE,TRUE,FALSE
13/12/2021,Monday,102,0,,December,FALSE,FALSE,TRUE,FALSE
14/12/2021,Tuesday,101,98,,December,FALSE,TRUE,TRUE,FALSE
15/12/2021,Wednesday,104,81,,December,FALSE,TRUE,TRUE,FALSE
16/12/2021,Thursday,101,86,,December,FALSE,TRUE,TRUE,FALSE
17/12/2021,Friday,101,0,,December,FALSE,FALSE,TRUE,FALSE
18/12/2021,Saturday,137,110,,December,FALSE,TRUE,TRUE,TRUE
19/12/2021,Sunday,112,0,,December,FALSE,FALSE,TRUE,FALSE
20/12/2021,Monday,145,113,,December,TRUE,TRUE,TRUE,TRUE
21/12/2021,Tuesday,112,62,,December,FALSE,TRUE,TRUE,FALSE
22/12/2021,Wednesday,87,0,,December,FALSE,FALSE,FALSE,FALSE
23/12/2021,Thursday,84,0,,December,FALSE,FALSE,FALSE,FALSE
24/12/2021,Friday,147,117,,December,TRUE,TRUE,TRUE,TRUE
25/12/2021,Saturday,204,133,Christmas Day,December,FALSE,TRUE,TRUE,TRUE
26/12/2021,Sunday,133,115,,December,FALSE,TRUE,TRUE,TRUE
27/12/2021,Monday,111,88,,December,FALSE,TRUE,TRUE,FALSE
28/12/2021,Tuesday,109,89,,December,FALSE,TRUE,TRUE,FALSE
29/12/2021,Wednesday,114,83,,December,FALSE,TRUE,TRUE,FALSE
30/12/2021,Thursday,119,79,,December,FALSE,TRUE,TRUE,FALSE
31/12/2021,Friday,95,64,,December,FALSE,TRUE,FALSE,FALSE
1/1/2022,Saturday,162,121,New Year's Day,January,FALSE,TRUE,TRUE,TRUE
2/1/2022,Sunday,102,109,,January,FALSE,TRUE,TRUE,TRUE
3/1/2022,Monday,98,81,,January,FALSE,TRUE,FALSE,FALSE
4/1/2022,Tuesday,96,63,,January,FALSE,TRUE,FALSE,FALSE
5/1/2022,Wednesday,98,73,,January,FALSE,TRUE,FALSE,FALSE
6/1/2022,Thursday,107,80,,January,FALSE,TRUE,TRUE,FALSE
7/1/2022,Friday,105,0,,January,FALSE,FALSE,TRUE,FALSE
8/1/2022,Saturday,114,0,,January,FALSE,FALSE,TRUE,FALSE
9/1/2022,Sunday,139,0,,January,FALSE,FALSE,TRUE,FALSE
10/1/2022,Monday,102,94,,January,FALSE,TRUE,TRUE,FALSE
11/1/2022,Tuesday,88,0,,January,FALSE,FALSE,FALSE,FALSE
12/1/2022,Wednesday,113,113,,January,TRUE,TRUE,TRUE,TRUE
13/1/2022,Thursday,80,0,,January,FALSE,FALSE,FALSE,FALSE
14/1/2022,Friday,80,80,,January,FALSE,TRUE,FALSE,FALSE
15/1/2022,Saturday,114,0,,January,FALSE,FALSE,TRUE,FALSE
16/1/2022,Sunday,137,113,,January,FALSE,TRUE,TRUE,TRUE
17/1/2022,Monday,104,0,,January,FALSE,FALSE,TRUE,FALSE
18/1/2022,Tuesday,119,0,,January,FALSE,FALSE,TRUE,FALSE
19/1/2022,Wednesday,80,0,,January,FALSE,FALSE,FALSE,FALSE
20/1/2022,Thursday,95,0,,January,FALSE,FALSE,FALSE,FALSE
21/1/2022,Friday,118,83,,January,FALSE,TRUE,TRUE,FALSE
22/1/2022,Saturday,105,0,,January,FALSE,FALSE,TRUE,FALSE
23/1/2022,Sunday,136,0,,January,FALSE,FALSE,TRUE,FALSE
24/1/2022,Monday,108,0,,January,FALSE,FALSE,TRUE,FALSE
25/1/2022,Tuesday,82,0,,January,FALSE,FALSE,FALSE,FALSE
26/1/2022,Wednesday,113,82,,January,TRUE,TRUE,TRUE,FALSE
27/1/2022,Thursday,105,0,,January,FALSE,FALSE,TRUE,FALSE
28/1/2022,Friday,95,0,,January,FALSE,FALSE,FALSE,FALSE
29/1/2022,Saturday,116,0,,January,FALSE,FALSE,TRUE,FALSE
30/1/2022,Sunday,149,0,,January,FALSE,FALSE,TRUE,FALSE
31/1/2022,Monday,135,93,,January,TRUE,TRUE,TRUE,FALSE
1/2/2022,Tuesday,208,136,Chinese New Year,February,FALSE,TRUE,TRUE,TRUE
2/2/2022,Wednesday,107,0,,February,FALSE,FALSE,TRUE,FALSE
3/2/2022,Thursday,84,0,,February,FALSE,FALSE,FALSE,FALSE
4/2/2022,Friday,136,121,,February,TRUE,TRUE,TRUE,TRUE
5/2/2022,Saturday,139,0,,February,FALSE,FALSE,TRUE,FALSE
6/2/2022,Sunday,133,93,,February,FALSE,TRUE,TRUE,FALSE
7/2/2022,Monday,95,73,,February,FALSE,TRUE,FALSE,FALSE
8/2/2022,Tuesday,105,0,,February,FALSE,FALSE,TRUE,FALSE
9/2/2022,Wednesday,105,92,,February,FALSE,TRUE,TRUE,FALSE
10/2/2022,Thursday,100,87,,February,FALSE,TRUE,FALSE,FALSE
11/2/2022,Friday,118,70,,February,FALSE,TRUE,TRUE,FALSE
12/2/2022,Saturday,105,0,,February,FALSE,FALSE,TRUE,FALSE
13/2/2022,Sunday,123,0,,February,FALSE,FALSE,TRUE,FALSE
14/2/2022,Monday,109,74,,February,FALSE,TRUE,TRUE,FALSE
15/2/2022,Tuesday,116,0,,February,FALSE,FALSE,TRUE,FALSE
16/2/2022,Wednesday,127,87,,February,TRUE,TRUE,TRUE,FALSE
17/2/2022,Thursday,89,0,,February,FALSE,FALSE,FALSE,FALSE
18/2/2022,Friday,84,66,,February,FALSE,TRUE,FALSE,FALSE
19/2/2022,Saturday,147,0,,February,FALSE,FALSE,TRUE,FALSE
20/2/2022,Sunday,140,0,,February,FALSE,FALSE,TRUE,FALSE
21/2/2022,Monday,110,71,,February,FALSE,TRUE,TRUE,FALSE
22/2/2022,Tuesday,89,0,,February,FALSE,FALSE,FALSE,FALSE
23/2/2022,Wednesday,98,61,,February,FALSE,TRUE,FALSE,FALSE
24/2/2022,Thursday,138,80,,February,TRUE,TRUE,TRUE,FALSE
25/2/2022,Friday,80,0,,February,FALSE,FALSE,FALSE,FALSE
26/2/2022,Saturday,135,0,,February,FALSE,FALSE,TRUE,FALSE
27/2/2022,Sunday,126,88,,February,FALSE,TRUE,TRUE,FALSE
28/2/2022,Monday,95,0,,February,FALSE,FALSE,FALSE,FALSE
1/3/2022,Tuesday,103,0,,March,FALSE,FALSE,TRUE,FALSE
2/3/2022,Wednesday,95,98,,March,FALSE,TRUE,FALSE,FALSE
3/3/2022,Thursday,81,81,,March,FALSE,TRUE,FALSE,FALSE
4/3/2022,Friday,107,0,,March,FALSE,FALSE,TRUE,FALSE
5/3/2022,Saturday,162,135,,March,TRUE,TRUE,TRUE,TRUE
6/3/2022,Sunday,122,0,,March,FALSE,FALSE,TRUE,FALSE
7/3/2022,Monday,99,74,,March,FALSE,TRUE,FALSE,FALSE
8/3/2022,Tuesday,103,86,,March,FALSE,TRUE,TRUE,FALSE
9/3/2022,Wednesday,91,0,,March,FALSE,FALSE,FALSE,FALSE
10/3/2022,Thursday,114,69,,March,FALSE,TRUE,TRUE,FALSE
11/3/2022,Friday,112,75,,March,FALSE,TRUE,TRUE,FALSE
12/3/2022,Saturday,172,131,,March,TRUE,TRUE,TRUE,TRUE
13/3/2022,Sunday,130,94,,March,FALSE,TRUE,TRUE,FALSE
14/3/2022,Monday,91,85,,March,FALSE,TRUE,FALSE,FALSE
15/3/2022,Tuesday,102,98,,March,TRUE,TRUE,TRUE,FALSE
16/3/2022,Wednesday,80,0,,March,FALSE,FALSE,FALSE,FALSE
17/3/2022,Thursday,112,0,,March,FALSE,FALSE,TRUE,FALSE
18/3/2022,Friday,119,68,,March,FALSE,TRUE,TRUE,FALSE
19/3/2022,Saturday,128,0,,March,FALSE,FALSE,TRUE,FALSE
20/3/2022,Sunday,111,0,,March,FALSE,FALSE,TRUE,FALSE
21/3/2022,Monday,92,62,,March,FALSE,TRUE,FALSE,FALSE
22/3/2022,Tuesday,91,0,,March,FALSE,FALSE,FALSE,FALSE
23/3/2022,Wednesday,110,64,,March,FALSE,TRUE,TRUE,FALSE
24/3/2022,Thursday,81,0,,March,FALSE,FALSE,FALSE,FALSE
25/3/2022,Friday,114,94,,March,FALSE,TRUE,TRUE,FALSE
26/3/2022,Saturday,126,81,,March,FALSE,TRUE,TRUE,FALSE
27/3/2022,Sunday,148,115,,March,FALSE,TRUE,TRUE,TRUE
28/3/2022,Monday,105,86,,March,FALSE,TRUE,TRUE,FALSE
29/3/2022,Tuesday,87,0,,March,FALSE,FALSE,FALSE,FALSE
30/3/2022,Wednesday,108,0,,March,FALSE,FALSE,TRUE,FALSE
31/3/2022,Thursday,105,0,,March,FALSE,FALSE,TRUE,FALSE
1/4/2022,Friday,89,0,,April,FALSE,FALSE,FALSE,FALSE
2/4/2022,Saturday,123,0,,April,FALSE,FALSE,TRUE,FALSE
3/4/2022,Sunday,144,110,,April,FALSE,TRUE,TRUE,TRUE
4/4/2022,Monday,86,0,,April,FALSE,FALSE,FALSE,FALSE
5/4/2022,Tuesday,83,0,,April,FALSE,FALSE,FALSE,FALSE
6/4/2022,Wednesday,90,77,,April,FALSE,TRUE,FALSE,FALSE
7/4/2022,Thursday,108,0,,April,FALSE,FALSE,TRUE,FALSE
8/4/2022,Friday,115,86,,April,FALSE,TRUE,TRUE,FALSE
9/4/2022,Saturday,132,130,,April,TRUE,TRUE,TRUE,TRUE
10/4/2022,Sunday,109,113,,April,FALSE,TRUE,TRUE,TRUE
11/4/2022,Monday,115,0,,April,FALSE,FALSE,TRUE,FALSE
12/4/2022,Tuesday,89,96,,April,FALSE,TRUE,FALSE,FALSE
13/4/2022,Wednesday,116,0,,April,FALSE,FALSE,TRUE,FALSE
14/4/2022,Thursday,88,87,,April,FALSE,TRUE,FALSE,FALSE
15/4/2022,Friday,154,115,Good Friday,April,FALSE,TRUE,TRUE,TRUE
16/4/2022,Saturday,129,0,,April,FALSE,FALSE,TRUE,FALSE
17/4/2022,Sunday,136,0,,April,FALSE,FALSE,TRUE,FALSE
18/4/2022,Monday,115,68,,April,FALSE,TRUE,TRUE,FALSE
19/4/2022,Tuesday,97,95,,April,FALSE,TRUE,FALSE,FALSE
20/4/2022,Wednesday,147,81,,April,TRUE,TRUE,TRUE,FALSE
21/4/2022,Thursday,111,0,,April,FALSE,FALSE,TRUE,FALSE
22/4/2022,Friday,128,85,,April,TRUE,TRUE,TRUE,FALSE
23/4/2022,Saturday,135,0,,April,FALSE,FALSE,TRUE,FALSE
24/4/2022,Sunday,149,0,,April,FALSE,FALSE,TRUE,FALSE
25/4/2022,Monday,116,67,,April,FALSE,TRUE,TRUE,FALSE
26/4/2022,Tuesday,91,0,,April,FALSE,FALSE,FALSE,FALSE
27/4/2022,Wednesday,92,0,,April,FALSE,FALSE,FALSE,FALSE
28/4/2022,Thursday,102,70,,April,FALSE,TRUE,TRUE,FALSE
29/4/2022,Friday,104,82,,April,FALSE,TRUE,TRUE,FALSE
30/4/2022,Saturday,116,0,,April,FALSE,FALSE,TRUE,FALSE
1/5/2022,Sunday,163,177,Labour Day,May,FALSE,TRUE,TRUE,TRUE
2/5/2022,Monday,96,0,,May,FALSE,FALSE,FALSE,FALSE
3/5/2022,Tuesday,99,0,,May,FALSE,FALSE,FALSE,FALSE
4/5/2022,Wednesday,104,73,,May,FALSE,TRUE,TRUE,FALSE
5/5/2022,Thursday,101,61,,May,FALSE,TRUE,TRUE,FALSE
6/5/2022,Friday,92,60,,May,FALSE,TRUE,FALSE,FALSE
7/5/2022,Saturday,113,104,,May,FALSE,TRUE,TRUE,TRUE
8/5/2022,Sunday,146,0,,May,FALSE,FALSE,TRUE,FALSE
9/5/2022,Monday,91,60,,May,FALSE,TRUE,FALSE,FALSE
10/5/2022,Tuesday,98,0,,May,FALSE,FALSE,FALSE,FALSE
11/5/2022,Wednesday,91,63,,May,FALSE,TRUE,FALSE,FALSE
12/5/2022,Thursday,88,82,,May,FALSE,TRUE,FALSE,FALSE
13/5/2022,Friday,86,0,,May,FALSE,FALSE,FALSE,FALSE
14/5/2022,Saturday,106,0,,May,FALSE,FALSE,TRUE,FALSE
15/5/2022,Sunday,160,108,,May,TRUE,TRUE,TRUE,TRUE
16/5/2022,Monday,165,94,Vesak Day,May,FALSE,TRUE,TRUE,FALSE
17/5/2022,Tuesday,98,0,,May,FALSE,FALSE,FALSE,FALSE
18/5/2022,Wednesday,95,72,,May,FALSE,TRUE,FALSE,FALSE
19/5/2022,Thursday,84,0,,May,FALSE,FALSE,FALSE,FALSE
20/5/2022,Friday,142,95,,May,TRUE,TRUE,TRUE,FALSE
21/5/2022,Saturday,131,85,,May,FALSE,TRUE,TRUE,FALSE
22/5/2022,Sunday,110,0,,May,FALSE,FALSE,TRUE,FALSE
23/5/2022,Monday,100,0,,May,FALSE,FALSE,FALSE,FALSE
24/5/2022,Tuesday,115,0,,May,FALSE,FALSE,TRUE,FALSE
25/5/2022,Wednesday,102,97,,May,FALSE,TRUE,TRUE,FALSE
26/5/2022,Thursday,95,63,,May,FALSE,TRUE,FALSE,FALSE
27/5/2022,Friday,118,75,,May,FALSE,TRUE,TRUE,FALSE
28/5/2022,Saturday,160,106,,May,TRUE,TRUE,TRUE,TRUE
29/5/2022,Sunday,103,117,,May,FALSE,TRUE,TRUE,TRUE
30/5/2022,Monday,110,62,,May,FALSE,TRUE,TRUE,FALSE
31/5/2022,Tuesday,84,0,,May,FALSE,FALSE,FALSE,FALSE
1/6/2022,Wednesday,136,103,,June,FALSE,TRUE,TRUE,TRUE
2/6/2022,Thursday,122,78,,June,FALSE,TRUE,TRUE,FALSE
3/6/2022,Friday,129,118,,June,FALSE,TRUE,TRUE,TRUE
4/6/2022,Saturday,136,0,,June,FALSE,FALSE,TRUE,FALSE
5/6/2022,Sunday,153,0,,June,FALSE,FALSE,TRUE,FALSE
6/6/2022,Monday,109,0,,June,FALSE,FALSE,TRUE,FALSE
7/6/2022,Tuesday,105,0,,June,FALSE,FALSE,TRUE,FALSE
8/6/2022,Wednesday,132,147,,June,TRUE,TRUE,TRUE,TRUE
9/6/2022,Thursday,172,144,Hari Raya Puasa,June,FALSE,TRUE,TRUE,TRUE
10/6/2022,Friday,140,0,,June,FALSE,FALSE,TRUE,FALSE
11/6/2022,Saturday,135,0,,June,FALSE,FALSE,TRUE,FALSE
12/6/2022,Sunday,142,139,,June,FALSE,TRUE,TRUE,TRUE
13/6/2022,Monday,142,109,,June,FALSE,TRUE,TRUE,TRUE
14/6/2022,Tuesday,105,88,,June,FALSE,TRUE,TRUE,FALSE
15/6/2022,Wednesday,127,0,,June,FALSE,FALSE,TRUE,FALSE
16/6/2022,Thursday,97,96,,June,FALSE,TRUE,FALSE,FALSE
17/6/2022,Friday,100,97,,June,FALSE,TRUE,FALSE,FALSE
18/6/2022,Saturday,213,127,,June,TRUE,TRUE,TRUE,TRUE
19/6/2022,Sunday,152,133,,June,FALSE,TRUE,TRUE,TRUE
20/6/2022,Monday,140,117,,June,FALSE,TRUE,TRUE,TRUE
21/6/2022,Tuesday,117,0,,June,FALSE,FALSE,TRUE,FALSE
22/6/2022,Wednesday,104,0,,June,FALSE,FALSE,TRUE,FALSE
23/6/2022,Thursday,96,102,,June,FALSE,TRUE,FALSE,TRUE
24/6/2022,Friday,121,0,,June,FALSE,FALSE,TRUE,FALSE
25/6/2022,Saturday,142,135,,June,FALSE,TRUE,TRUE,TRUE
26/6/2022,Sunday,126,0,,June,FALSE,FALSE,TRUE,FALSE
27/6/2022,Monday,124,0,,June,FALSE,FALSE,TRUE,FALSE
28/6/2022,Tuesday,99,0,,June,FALSE,FALSE,FALSE,FALSE
29/6/2022,Wednesday,172,90,,June,TRUE,TRUE,TRUE,FALSE
30/6/2022,Thursday,102,100,,June,FALSE,TRUE,TRUE,FALSE
1/7/2022,Friday,132,109,,July,FALSE,TRUE,TRUE,TRUE
2/7/2022,Saturday,136,114,,July,FALSE,TRUE,TRUE,TRUE
3/7/2022,Sunday,159,0,,July,FALSE,FALSE,TRUE,FALSE
4/7/2022,Monday,127,0,,July,FALSE,FALSE,TRUE,FALSE
5/7/2022,Tuesday,106,93,,July,FALSE,TRUE,TRUE,FALSE
6/7/2022,Wednesday,157,147,,July,TRUE,TRUE,TRUE,TRUE
7/7/2022,Thursday,146,101,,July,TRUE,TRUE,TRUE,TRUE
8/7/2022,Friday,176,97,,July,TRUE,TRUE,TRUE,FALSE
9/7/2022,Saturday,140,142,,July,FALSE,TRUE,TRUE,TRUE
10/7/2022,Sunday,136,0,,July,FALSE,FALSE,TRUE,FALSE
11/7/2022,Monday,128,84,,July,FALSE,TRUE,TRUE,FALSE
12/7/2022,Tuesday,118,0,,July,FALSE,FALSE,TRUE,FALSE
13/7/2022,Wednesday,128,0,,July,FALSE,FALSE,TRUE,FALSE
14/7/2022,Thursday,104,111,,July,FALSE,TRUE,TRUE,TRUE
15/7/2022,Friday,141,0,,July,FALSE,FALSE,TRUE,FALSE
16/7/2022,Saturday,148,0,,July,FALSE,FALSE,TRUE,FALSE
17/7/2022,Sunday,139,0,,July,FALSE,FALSE,TRUE,FALSE
18/7/2022,Monday,110,0,,July,FALSE,FALSE,TRUE,FALSE
19/7/2022,Tuesday,128,103,,July,FALSE,TRUE,TRUE,TRUE
20/7/2022,Wednesday,124,0,,July,FALSE,FALSE,TRUE,FALSE
21/7/2022,Thursday,134,110,,July,FALSE,TRUE,TRUE,TRUE
22/7/2022,Friday,140,91,,July,FALSE,TRUE,TRUE,FALSE
23/7/2022,Saturday,178,121,,July,FALSE,TRUE,TRUE,TRUE
24/7/2022,Sunday,127,0,,July,FALSE,FALSE,TRUE,FALSE
25/7/2022,Monday,120,0,,July,FALSE,FALSE,TRUE,FALSE
26/7/2022,Tuesday,114,103,,July,FALSE,TRUE,TRUE,TRUE
27/7/2022,Wednesday,120,88,,July,FALSE,TRUE,TRUE,FALSE
28/7/2022,Thursday,108,74,,July,FALSE,TRUE,TRUE,FALSE
29/7/2022,Friday,139,0,,July,FALSE,FALSE,TRUE,FALSE
30/7/2022,Saturday,142,0,,July,FALSE,FALSE,TRUE,FALSE
31/7/2022,Sunday,174,103,,July,FALSE,TRUE,TRUE,TRUE
1/8/2022,Monday,146,136,,August,TRUE,TRUE,TRUE,TRUE
2/8/2022,Tuesday,147,110,,August,TRUE,TRUE,TRUE,TRUE
3/8/2022,Wednesday,116,0,,August,FALSE,FALSE,TRUE,FALSE
4/8/2022,Thursday,111,93,,August,FALSE,TRUE,TRUE,FALSE
5/8/2022,Friday,112,78,,August,FALSE,TRUE,TRUE,FALSE
6/8/2022,Saturday,139,0,,August,FALSE,FALSE,TRUE,FALSE
7/8/2022,Sunday,171,112,,August,FALSE,TRUE,TRUE,TRUE
8/8/2022,Monday,98,99,,August,FALSE,TRUE,FALSE,FALSE
9/8/2022,Tuesday,170,123,National Day,August,FALSE,TRUE,TRUE,TRUE
10/8/2022,Wednesday,122,0,,August,FALSE,FALSE,TRUE,FALSE
11/8/2022,Thursday,108,87,,August,FALSE,TRUE,TRUE,FALSE
12/8/2022,Friday,109,0,,August,FALSE,FALSE,TRUE,FALSE
13/8/2022,Saturday,145,105,,August,FALSE,TRUE,TRUE,TRUE
14/8/2022,Sunday,121,128,,August,FALSE,TRUE,TRUE,TRUE
15/8/2022,Monday,114,88,,August,FALSE,TRUE,TRUE,FALSE
16/8/2022,Tuesday,104,94,,August,FALSE,TRUE,TRUE,FALSE
17/8/2022,Wednesday,140,0,,August,FALSE,FALSE,TRUE,FALSE
18/8/2022,Thursday,109,0,,August,FALSE,FALSE,TRUE,FALSE
19/8/2022,Friday,123,0,,August,FALSE,FALSE,TRUE,FALSE
20/8/2022,Saturday,160,135,,August,TRUE,TRUE,TRUE,TRUE
21/8/2022,Sunday,144,115,,August,FALSE,TRUE,TRUE,TRUE
22/8/2022,Monday,128,111,,August,FALSE,TRUE,TRUE,TRUE
23/8/2022,Tuesday,138,0,,August,FALSE,FALSE,TRUE,FALSE
24/8/2022,Wednesday,126,0,,August,FALSE,FALSE,TRUE,FALSE
25/8/2022,Thursday,104,0,,August,FALSE,FALSE,TRUE,FALSE
26/8/2022,Friday,128,0,,August,FALSE,FALSE,TRUE,FALSE
27/8/2022,Saturday,156,104,,August,FALSE,TRUE,TRUE,TRUE
28/8/2022,Sunday,164,0,,August,FALSE,FALSE,TRUE,FALSE
29/8/2022,Monday,138,0,,August,FALSE,FALSE,TRUE,FALSE
30/8/2022,Tuesday,127,104,,August,FALSE,TRUE,TRUE,TRUE
31/8/2022,Wednesday,115,0,,August,FALSE,FALSE,TRUE,FALSE
1/9/2022,Thursday,88,0,,September,FALSE,FALSE,FALSE,FALSE
2/9/2022,Friday,140,122,,September,TRUE,TRUE,TRUE,TRUE
3/9/2022,Saturday,137,0,,September,FALSE,FALSE,TRUE,FALSE
4/9/2022,Sunday,140,0,,September,FALSE,FALSE,TRUE,FALSE
5/9/2022,Monday,107,0,,September,FALSE,FALSE,TRUE,FALSE
6/9/2022,Tuesday,108,0,,September,FALSE,FALSE,TRUE,FALSE
7/9/2022,Wednesday,92,0,,September,FALSE,FALSE,FALSE,FALSE
8/9/2022,Thursday,114,0,,September,FALSE,FALSE,TRUE,FALSE
9/9/2022,Friday,85,81,,September,FALSE,TRUE,FALSE,FALSE
10/9/2022,Saturday,116,84,,September,FALSE,TRUE,TRUE,FALSE
11/9/2022,Sunday,111,0,,September,FALSE,FALSE,TRUE,FALSE
12/9/2022,Monday,104,63,,September,FALSE,TRUE,TRUE,FALSE
13/9/2022,Tuesday,81,0,,September,FALSE,FALSE,FALSE,FALSE
14/9/2022,Wednesday,89,0,,September,FALSE,FALSE,FALSE,FALSE
15/9/2022,Thursday,109,0,,September,FALSE,FALSE,TRUE,FALSE
16/9/2022,Friday,84,86,,September,FALSE,TRUE,FALSE,FALSE
17/9/2022,Saturday,127,112,,September,FALSE,TRUE,TRUE,TRUE
18/9/2022,Sunday,119,102,,September,FALSE,TRUE,TRUE,TRUE
19/9/2022,Monday,97,68,,September,FALSE,TRUE,FALSE,FALSE
20/9/2022,Tuesday,111,0,,September,FALSE,FALSE,TRUE,FALSE
21/9/2022,Wednesday,90,79,,September,FALSE,TRUE,FALSE,FALSE
22/9/2022,Thursday,125,100,,September,TRUE,TRUE,TRUE,FALSE
23/9/2022,Friday,105,84,,September,FALSE,TRUE,TRUE,FALSE
24/9/2022,Saturday,132,91,,September,FALSE,TRUE,TRUE,FALSE
25/9/2022,Sunday,126,146,,September,TRUE,TRUE,TRUE,TRUE
26/9/2022,Monday,106,0,,September,FALSE,FALSE,TRUE,FALSE
27/9/2022,Tuesday,92,99,,September,FALSE,TRUE,FALSE,FALSE
28/9/2022,Wednesday,112,0,,September,FALSE,FALSE,TRUE,FALSE
29/9/2022,Thursday,113,67,,September,FALSE,TRUE,TRUE,FALSE
30/9/2022,Friday,114,0,,September,FALSE,FALSE,TRUE,FALSE
1/10/2022,Saturday,132,84,,October,FALSE,TRUE,TRUE,FALSE
2/10/2022,Sunday,112,107,,October,FALSE,TRUE,TRUE,TRUE
3/10/2022,Monday,85,79,,October,FALSE,TRUE,FALSE,FALSE
4/10/2022,Tuesday,107,0,,October,FALSE,FALSE,TRUE,FALSE
5/10/2022,Wednesday,96,88,,October,FALSE,TRUE,FALSE,FALSE
6/10/2022,Thursday,84,0,,October,FALSE,FALSE,FALSE,FALSE
7/10/2022,Friday,110,0,,October,FALSE,FALSE,TRUE,FALSE
8/10/2022,Saturday,138,90,,October,FALSE,TRUE,TRUE,FALSE
9/10/2022,Sunday,156,127,,October,TRUE,TRUE,TRUE,TRUE
10/10/2022,Monday,82,89,,October,FALSE,TRUE,FALSE,FALSE
11/10/2022,Tuesday,102,0,,October,FALSE,FALSE,TRUE,FALSE
12/10/2022,Wednesday,116,93,,October,FALSE,TRUE,TRUE,FALSE
13/10/2022,Thursday,116,97,,October,FALSE,TRUE,TRUE,FALSE
14/10/2022,Friday,89,0,,October,FALSE,FALSE,FALSE,FALSE
15/10/2022,Saturday,143,82,,October,FALSE,TRUE,TRUE,FALSE
16/10/2022,Sunday,148,0,,October,FALSE,FALSE,TRUE,FALSE
17/10/2022,Monday,96,62,,October,FALSE,TRUE,FALSE,FALSE
18/10/2022,Tuesday,100,70,,October,FALSE,TRUE,FALSE,FALSE
19/10/2022,Wednesday,93,99,,October,FALSE,TRUE,FALSE,FALSE
20/10/2022,Thursday,88,74,,October,FALSE,TRUE,FALSE,FALSE
21/10/2022,Friday,80,0,,October,FALSE,FALSE,FALSE,FALSE
22/10/2022,Saturday,131,108,,October,TRUE,TRUE,TRUE,TRUE
23/10/2022,Sunday,108,0,,October,FALSE,FALSE,TRUE,FALSE
24/10/2022,Monday,120,220,Deepavali,October,FALSE,TRUE,TRUE,TRUE
25/10/2022,Tuesday,119,0,,October,FALSE,FALSE,TRUE,FALSE
26/10/2022,Wednesday,111,0,,October,FALSE,FALSE,TRUE,FALSE
27/10/2022,Thursday,113,0,,October,FALSE,FALSE,TRUE,FALSE
28/10/2022,Friday,107,96,,October,FALSE,TRUE,TRUE,FALSE
29/10/2022,Saturday,111,102,,October,FALSE,TRUE,TRUE,TRUE
30/10/2022,Sunday,107,100,,October,FALSE,TRUE,TRUE,FALSE
31/10/2022,Monday,147,91,,October,TRUE,TRUE,TRUE,FALSE
1/11/2022,Tuesday,105,0,,November,FALSE,FALSE,TRUE,FALSE
2/11/2022,Wednesday,113,92,,November,FALSE,TRUE,TRUE,FALSE
3/11/2022,Thursday,82,0,,November,FALSE,FALSE,FALSE,FALSE
4/11/2022,Friday,91,0,,November,FALSE,FALSE,FALSE,FALSE
5/11/2022,Saturday,106,0,,November,FALSE,FALSE,TRUE,FALSE
6/11/2022,Sunday,110,0,,November,FALSE,FALSE,TRUE,FALSE
7/11/2022,Monday,109,83,,November,FALSE,TRUE,TRUE,FALSE
8/11/2022,Tuesday,109,87,,November,FALSE,TRUE,TRUE,FALSE
9/11/2022,Wednesday,96,0,,November,FALSE,FALSE,FALSE,FALSE
10/11/2022,Thursday,102,98,,November,FALSE,TRUE,TRUE,FALSE
11/11/2022,Friday,94,77,,November,FALSE,TRUE,FALSE,FALSE
12/11/2022,Saturday,125,111,,November,FALSE,TRUE,TRUE,TRUE
13/11/2022,Sunday,102,0,,November,FALSE,FALSE,TRUE,FALSE
14/11/2022,Monday,93,0,,November,FALSE,FALSE,FALSE,FALSE
15/11/2022,Tuesday,81,0,,November,FALSE,FALSE,FALSE,FALSE
16/11/2022,Wednesday,90,0,,November,FALSE,FALSE,FALSE,FALSE
17/11/2022,Thursday,118,0,,November,FALSE,FALSE,TRUE,FALSE
18/11/2022,Friday,117,84,,November,FALSE,TRUE,TRUE,FALSE
19/11/2022,Saturday,138,142,,November,TRUE,TRUE,TRUE,TRUE
20/11/2022,Sunday,122,119,,November,FALSE,TRUE,TRUE,TRUE
21/11/2022,Monday,113,84,,November,FALSE,TRUE,TRUE,FALSE
22/11/2022,Tuesday,97,0,,November,FALSE,FALSE,FALSE,FALSE
23/11/2022,Wednesday,109,0,,November,FALSE,FALSE,TRUE,FALSE
24/11/2022,Thursday,94,68,,November,FALSE,TRUE,FALSE,FALSE
25/11/2022,Friday,132,121,,November,TRUE,TRUE,TRUE,TRUE
26/11/2022,Saturday,145,118,,November,FALSE,TRUE,TRUE,TRUE
27/11/2022,Sunday,135,107,,November,FALSE,TRUE,TRUE,TRUE
28/11/2022,Monday,112,77,,November,FALSE,TRUE,TRUE,FALSE
29/11/2022,Tuesday,128,92,,November,TRUE,TRUE,TRUE,FALSE
30/11/2022,Wednesday,94,61,,November,FALSE,TRUE,FALSE,FALSE
1/12/2022,Thursday,136,105,,December,TRUE,TRUE,TRUE,TRUE
2/12/2022,Friday,96,0,,December,FALSE,FALSE,FALSE,FALSE
3/12/2022,Saturday,117,0,,December,FALSE,FALSE,TRUE,FALSE
4/12/2022,Sunday,105,81,,December,FALSE,TRUE,TRUE,FALSE
5/12/2022,Monday,83,88,,December,FALSE,TRUE,FALSE,FALSE
6/12/2022,Tuesday,89,0,,December,FALSE,FALSE,FALSE,FALSE
7/12/2022,Wednesday,96,0,,December,FALSE,FALSE,FALSE,FALSE
8/12/2022,Thursday,89,99,,December,FALSE,TRUE,FALSE,FALSE
9/12/2022,Friday,96,62,,December,FALSE,TRUE,FALSE,FALSE
10/12/2022,Saturday,140,99,,December,FALSE,TRUE,TRUE,FALSE
11/12/2022,Sunday,102,0,,December,FALSE,FALSE,TRUE,FALSE
12/12/2022,Monday,84,0,,December,FALSE,FALSE,FALSE,FALSE
13/12/2022,Tuesday,113,0,,December,FALSE,FALSE,TRUE,FALSE
14/12/2022,Wednesday,85,0,,December,FALSE,FALSE,FALSE,FALSE
15/12/2022,Thursday,101,96,,December,TRUE,TRUE,TRUE,FALSE
16/12/2022,Friday,92,0,,December,FALSE,FALSE,FALSE,FALSE
17/12/2022,Saturday,132,0,,December,FALSE,FALSE,TRUE,FALSE
18/12/2022,Sunday,106,0,,December,FALSE,FALSE,TRUE,FALSE
19/12/2022,Monday,95,99,,December,FALSE,TRUE,FALSE,FALSE
20/12/2022,Tuesday,110,72,,December,FALSE,TRUE,TRUE,FALSE
21/12/2022,Wednesday,90,70,,December,FALSE,TRUE,FALSE,FALSE
22/12/2022,Thursday,95,93,,December,FALSE,TRUE,FALSE,FALSE
23/12/2022,Friday,87,98,,December,FALSE,TRUE,FALSE,FALSE
24/12/2022,Saturday,123,104,,December,FALSE,TRUE,TRUE,TRUE
25/12/2022,Sunday,178,139,Christmas Day,December,FALSE,TRUE,TRUE,TRUE
26/12/2022,Monday,83,0,,December,FALSE,FALSE,FALSE,FALSE
27/12/2022,Tuesday,104,76,,December,FALSE,TRUE,TRUE,FALSE
28/12/2022,Wednesday,82,87,,December,FALSE,TRUE,FALSE,FALSE
29/12/2022,Thursday,111,0,,December,FALSE,FALSE,TRUE,FALSE
30/12/2022,Friday,82,0,,December,FALSE,FALSE,FALSE,FALSE
31/12/2022,Saturday,153,110,,December,TRUE,TRUE,TRUE,TRUE
1/1/2023,Sunday,223,124,New Year's Day,January,FALSE,TRUE,TRUE,TRUE
2/1/2023,Monday,111,76,,January,FALSE,TRUE,TRUE,FALSE
3/1/2023,Tuesday,98,0,,January,FALSE,FALSE,FALSE,FALSE
4/1/2023,Wednesday,100,0,,January,FALSE,FALSE,FALSE,FALSE
5/1/2023,Thursday,84,0,,January,FALSE,FALSE,FALSE,FALSE
6/1/2023,Friday,97,63,,January,FALSE,TRUE,FALSE,FALSE
7/1/2023,Saturday,168,132,,January,TRUE,TRUE,TRUE,TRUE
8/1/2023,Sunday,101,0,,January,FALSE,FALSE,TRUE,FALSE
9/1/2023,Monday,100,81,,January,FALSE,TRUE,FALSE,FALSE
10/1/2023,Tuesday,106,120,,January,TRUE,TRUE,TRUE,TRUE
11/1/2023,Wednesday,80,86,,January,FALSE,TRUE,FALSE,FALSE
12/1/2023,Thursday,84,79,,January,FALSE,TRUE,FALSE,FALSE
13/1/2023,Friday,91,81,,January,FALSE,TRUE,FALSE,FALSE
14/1/2023,Saturday,141,0,,January,FALSE,FALSE,TRUE,FALSE
15/1/2023,Sunday,111,0,,January,FALSE,FALSE,TRUE,FALSE
16/1/2023,Monday,93,62,,January,FALSE,TRUE,FALSE,FALSE
17/1/2023,Tuesday,105,84,,January,FALSE,TRUE,TRUE,FALSE
18/1/2023,Wednesday,106,0,,January,FALSE,FALSE,TRUE,FALSE
19/1/2023,Thursday,110,120,,January,TRUE,TRUE,TRUE,TRUE
20/1/2023,Friday,105,60,,January,FALSE,TRUE,TRUE,FALSE
21/1/2023,Saturday,114,105,,January,FALSE,TRUE,TRUE,TRUE
22/1/2023,Sunday,297,130,Chinese New Year,January,FALSE,TRUE,TRUE,TRUE
23/1/2023,Monday,96,60,,January,FALSE,TRUE,FALSE,FALSE
24/1/2023,Tuesday,105,0,,January,FALSE,FALSE,TRUE,FALSE
25/1/2023,Wednesday,115,92,,January,FALSE,TRUE,TRUE,FALSE
26/1/2023,Thursday,80,0,,January,FALSE,FALSE,FALSE,FALSE
27/1/2023,Friday,87,78,,January,FALSE,TRUE,FALSE,FALSE
28/1/2023,Saturday,129,0,,January,FALSE,FALSE,TRUE,FALSE
29/1/2023,Sunday,122,108,,January,FALSE,TRUE,TRUE,TRUE
30/1/2023,Monday,101,89,,January,FALSE,TRUE,TRUE,FALSE
31/1/2023,Tuesday,93,0,,January,FALSE,FALSE,FALSE,FALSE
1/2/2023,Wednesday,105,0,,February,FALSE,FALSE,TRUE,FALSE
2/2/2023,Thursday,107,0,,February,FALSE,FALSE,TRUE,FALSE
3/2/2023,Friday,102,0,,February,FALSE,FALSE,TRUE,FALSE
4/2/2023,Saturday,136,0,,February,FALSE,FALSE,TRUE,FALSE
5/2/2023,Sunday,104,0,,February,FALSE,FALSE,TRUE,FALSE
6/2/2023,Monday,81,0,,February,FALSE,FALSE,FALSE,FALSE
7/2/2023,Tuesday,105,0,,February,FALSE,FALSE,TRUE,FALSE
8/2/2023,Wednesday,93,77,,February,FALSE,TRUE,FALSE,FALSE
9/2/2023,Thursday,86,0,,February,FALSE,FALSE,FALSE,FALSE
10/2/2023,Friday,82,0,,February,FALSE,FALSE,FALSE,FALSE
11/2/2023,Saturday,138,84,,February,FALSE,TRUE,TRUE,FALSE
12/2/2023,Sunday,155,110,,February,TRUE,TRUE,TRUE,TRUE
13/2/2023,Monday,117,0,,February,FALSE,FALSE,TRUE,FALSE
14/2/2023,Tuesday,114,93,,February,FALSE,TRUE,TRUE,FALSE
15/2/2023,Wednesday,94,0,,February,FALSE,FALSE,FALSE,FALSE
16/2/2023,Thursday,104,61,,February,FALSE,TRUE,TRUE,FALSE
17/2/2023,Friday,145,81,,February,TRUE,TRUE,TRUE,FALSE
18/2/2023,Saturday,124,90,,February,FALSE,TRUE,TRUE,FALSE
19/2/2023,Sunday,127,103,,February,FALSE,TRUE,TRUE,TRUE
20/2/2023,Monday,118,0,,February,FALSE,FALSE,TRUE,FALSE
21/2/2023,Tuesday,96,72,,February,FALSE,TRUE,FALSE,FALSE
22/2/2023,Wednesday,118,87,,February,FALSE,TRUE,TRUE,FALSE
23/2/2023,Thursday,101,71,,February,FALSE,TRUE,TRUE,FALSE
24/2/2023,Friday,131,101,,February,TRUE,TRUE,TRUE,TRUE
25/2/2023,Saturday,139,0,,February,FALSE,FALSE,TRUE,FALSE
26/2/2023,Sunday,111,0,,February,FALSE,FALSE,TRUE,FALSE
27/2/2023,Monday,92,0,,February,FALSE,FALSE,FALSE,FALSE
28/2/2023,Tuesday,99,0,,February,FALSE,FALSE,FALSE,FALSE
1/3/2023,Wednesday,104,0,,March,FALSE,FALSE,TRUE,FALSE
2/3/2023,Thursday,83,60,,March,FALSE,TRUE,FALSE,FALSE
3/3/2023,Friday,89,60,,March,FALSE,TRUE,FALSE,FALSE
4/3/2023,Saturday,137,111,,March,TRUE,TRUE,TRUE,TRUE
5/3/2023,Sunday,109,0,,March,FALSE,FALSE,TRUE,FALSE
6/3/2023,Monday,115,83,,March,FALSE,TRUE,TRUE,FALSE
7/3/2023,Tuesday,101,0,,March,FALSE,FALSE,TRUE,FALSE
8/3/2023,Wednesday,113,80,,March,FALSE,TRUE,TRUE,FALSE
9/3/2023,Thursday,87,0,,March,FALSE,FALSE,FALSE,FALSE
10/3/2023,Friday,119,0,,March,FALSE,FALSE,TRUE,FALSE
11/3/2023,Saturday,109,0,,March,FALSE,FALSE,TRUE,FALSE
12/3/2023,Sunday,111,0,,March,FALSE,FALSE,TRUE,FALSE
13/3/2023,Monday,85,77,,March,FALSE,TRUE,FALSE,FALSE
14/3/2023,Tuesday,131,76,,March,TRUE,TRUE,TRUE,FALSE
15/3/2023,Wednesday,113,69,,March,FALSE,TRUE,TRUE,FALSE
16/3/2023,Thursday,85,0,,March,FALSE,FALSE,FALSE,FALSE
17/3/2023,Friday,116,79,,March,FALSE,TRUE,TRUE,FALSE
18/3/2023,Saturday,107,0,,March,FALSE,FALSE,TRUE,FALSE
19/3/2023,Sunday,142,0,,March,FALSE,FALSE,TRUE,FALSE
20/3/2023,Monday,100,74,,March,FALSE,TRUE,FALSE,FALSE
21/3/2023,Tuesday,85,73,,March,FALSE,TRUE,FALSE,FALSE
22/3/2023,Wednesday,85,0,,March,FALSE,FALSE,FALSE,FALSE
23/3/2023,Thursday,83,0,,March,FALSE,FALSE,FALSE,FALSE
24/3/2023,Friday,109,0,,March,FALSE,FALSE,TRUE,FALSE
25/3/2023,Saturday,170,106,,March,TRUE,TRUE,TRUE,TRUE
26/3/2023,Sunday,146,90,,March,FALSE,TRUE,TRUE,FALSE
27/3/2023,Monday,110,78,,March,FALSE,TRUE,TRUE,FALSE
28/3/2023,Tuesday,103,77,,March,FALSE,TRUE,TRUE,FALSE
29/3/2023,Wednesday,88,0,,March,FALSE,FALSE,FALSE,FALSE
30/3/2023,Thursday,82,0,,March,FALSE,FALSE,FALSE,FALSE
31/3/2023,Friday,110,0,,March,FALSE,FALSE,TRUE,FALSE
1/4/2023,Saturday,143,0,,April,FALSE,FALSE,TRUE,FALSE
2/4/2023,Sunday,127,0,,April,FALSE,FALSE,TRUE,FALSE
3/4/2023,Monday,115,90,,April,FALSE,TRUE,TRUE,FALSE
4/4/2023,Tuesday,103,82,,April,FALSE,TRUE,TRUE,FALSE
5/4/2023,Wednesday,110,0,,April,FALSE,FALSE,TRUE,FALSE
6/4/2023,Thursday,85,0,,April,FALSE,FALSE,FALSE,FALSE
7/4/2023,Friday,151,177,Good Friday,April,TRUE,TRUE,TRUE,TRUE
8/4/2023,Saturday,149,0,,April,FALSE,FALSE,TRUE,FALSE
9/4/2023,Sunday,113,89,,April,FALSE,TRUE,TRUE,FALSE
10/4/2023,Monday,112,77,,April,TRUE,TRUE,TRUE,FALSE
11/4/2023,Tuesday,83,0,,April,FALSE,FALSE,FALSE,FALSE
12/4/2023,Wednesday,94,79,,April,FALSE,TRUE,FALSE,FALSE
13/4/2023,Thursday,85,0,,April,FALSE,FALSE,FALSE,FALSE
14/4/2023,Friday,109,0,,April,FALSE,FALSE,TRUE,FALSE
15/4/2023,Saturday,128,0,,April,FALSE,FALSE,TRUE,FALSE
16/4/2023,Sunday,100,0,,April,FALSE,FALSE,FALSE,FALSE
17/4/2023,Monday,94,0,,April,FALSE,FALSE,FALSE,FALSE
18/4/2023,Tuesday,90,0,,April,FALSE,FALSE,FALSE,FALSE
19/4/2023,Wednesday,87,78,,April,FALSE,TRUE,FALSE,FALSE
20/4/2023,Thursday,105,87,,April,FALSE,TRUE,TRUE,FALSE
21/4/2023,Friday,84,0,,April,FALSE,FALSE,FALSE,FALSE
22/4/2023,Saturday,185,117,,April,TRUE,TRUE,TRUE,TRUE
23/4/2023,Sunday,113,0,,April,FALSE,FALSE,TRUE,FALSE
24/4/2023,Monday,83,0,,April,FALSE,FALSE,FALSE,FALSE
25/4/2023,Tuesday,98,0,,April,FALSE,FALSE,FALSE,FALSE
26/4/2023,Wednesday,99,75,,April,FALSE,TRUE,FALSE,FALSE
27/4/2023,Thursday,112,60,,April,FALSE,TRUE,TRUE,FALSE
28/4/2023,Friday,99,0,,April,FALSE,FALSE,FALSE,FALSE
29/4/2023,Saturday,142,0,,April,FALSE,FALSE,TRUE,FALSE
30/4/2023,Sunday,133,0,,April,FALSE,FALSE,TRUE,FALSE
1/5/2023,Monday,196,112,Labour Day,May,TRUE,TRUE,TRUE,TRUE
2/5/2023,Tuesday,93,84,,May,FALSE,TRUE,FALSE,FALSE
3/5/2023,Wednesday,117,0,,May,FALSE,FALSE,TRUE,FALSE
4/5/2023,Thursday,116,0,,May,FALSE,FALSE,TRUE,FALSE
5/5/2023,Friday,90,91,,May,FALSE,TRUE,FALSE,FALSE
6/5/2023,Saturday,146,0,,May,FALSE,FALSE,TRUE,FALSE
7/5/2023,Sunday,142,0,,May,FALSE,FALSE,TRUE,FALSE
8/5/2023,Monday,82,91,,May,FALSE,TRUE,FALSE,FALSE
9/5/2023,Tuesday,112,96,,May,FALSE,TRUE,TRUE,FALSE
10/5/2023,Wednesday,85,0,,May,FALSE,FALSE,FALSE,FALSE
11/5/2023,Thursday,89,0,,May,FALSE,FALSE,FALSE,FALSE
12/5/2023,Friday,84,95,,May,FALSE,TRUE,FALSE,FALSE
13/5/2023,Saturday,122,96,,May,FALSE,TRUE,TRUE,FALSE
14/5/2023,Sunday,144,111,,May,FALSE,TRUE,TRUE,TRUE
15/5/2023,Monday,101,115,,May,TRUE,TRUE,TRUE,TRUE
16/5/2023,Tuesday,92,70,,May,FALSE,TRUE,FALSE,FALSE
17/5/2023,Wednesday,119,78,,May,FALSE,TRUE,TRUE,FALSE
18/5/2023,Thursday,81,61,,May,FALSE,TRUE,FALSE,FALSE
19/5/2023,Friday,99,71,,May,FALSE,TRUE,FALSE,FALSE
20/5/2023,Saturday,120,88,,May,FALSE,TRUE,TRUE,FALSE
21/5/2023,Sunday,100,98,,May,FALSE,TRUE,FALSE,FALSE
22/5/2023,Monday,88,0,,May,FALSE,FALSE,FALSE,FALSE
23/5/2023,Tuesday,96,66,,May,FALSE,TRUE,FALSE,FALSE
24/5/2023,Wednesday,110,92,,May,TRUE,TRUE,TRUE,FALSE
25/5/2023,Thursday,90,62,,May,FALSE,TRUE,FALSE,FALSE
26/5/2023,Friday,94,93,,May,FALSE,TRUE,FALSE,FALSE
27/5/2023,Saturday,146,0,,May,FALSE,FALSE,TRUE,FALSE
28/5/2023,Sunday,121,0,,May,FALSE,FALSE,TRUE,FALSE
29/5/2023,Monday,114,0,,May,FALSE,FALSE,TRUE,FALSE
30/5/2023,Tuesday,163,97,Vesak Day,May,FALSE,TRUE,TRUE,FALSE
31/5/2023,Wednesday,110,98,,May,FALSE,TRUE,TRUE,FALSE
1/6/2023,Thursday,125,120,,June,TRUE,TRUE,TRUE,TRUE
2/6/2023,Friday,111,91,,June,FALSE,TRUE,TRUE,FALSE
3/6/2023,Saturday,130,130,,June,FALSE,TRUE,TRUE,TRUE
4/6/2023,Sunday,154,0,,June,FALSE,FALSE,TRUE,FALSE
5/6/2023,Monday,135,0,,June,FALSE,FALSE,TRUE,FALSE
6/6/2023,Tuesday,109,0,,June,FALSE,FALSE,TRUE,FALSE
7/6/2023,Wednesday,136,112,,June,FALSE,TRUE,TRUE,TRUE
8/6/2023,Thursday,136,0,,June,FALSE,FALSE,TRUE,FALSE
9/6/2023,Friday,96,106,,June,FALSE,TRUE,FALSE,TRUE
10/6/2023,Saturday,175,0,,June,FALSE,FALSE,TRUE,FALSE
11/6/2023,Sunday,166,117,,June,FALSE,TRUE,TRUE,TRUE
12/6/2023,Monday,129,110,,June,FALSE,TRUE,TRUE,TRUE
13/6/2023,Tuesday,104,0,,June,FALSE,FALSE,TRUE,FALSE
14/6/2023,Wednesday,108,0,,June,FALSE,FALSE,TRUE,FALSE
15/6/2023,Thursday,139,0,,June,FALSE,FALSE,TRUE,FALSE
16/6/2023,Friday,111,0,,June,FALSE,FALSE,TRUE,FALSE
17/6/2023,Saturday,174,133,,June,FALSE,TRUE,TRUE,TRUE
18/6/2023,Sunday,123,0,,June,FALSE,FALSE,TRUE,FALSE
19/6/2023,Monday,120,108,,June,FALSE,TRUE,TRUE,TRUE
20/6/2023,Tuesday,139,0,,June,FALSE,FALSE,TRUE,FALSE
21/6/2023,Wednesday,100,0,,June,FALSE,FALSE,FALSE,FALSE
22/6/2023,Thursday,176,130,Hari Raya Puasa,June,FALSE,TRUE,TRUE,TRUE
23/6/2023,Friday,111,110,,June,FALSE,TRUE,TRUE,TRUE
24/6/2023,Saturday,135,0,,June,FALSE,FALSE,TRUE,FALSE
25/6/2023,Sunday,176,0,,June,FALSE,FALSE,TRUE,FALSE
26/6/2023,Monday,155,135,,June,TRUE,TRUE,TRUE,TRUE
27/6/2023,Tuesday,124,0,,June,FALSE,FALSE,TRUE,FALSE
28/6/2023,Wednesday,145,115,,June,TRUE,TRUE,TRUE,TRUE
29/6/2023,Thursday,142,118,,June,FALSE,TRUE,TRUE,TRUE
30/6/2023,Friday,104,73,,June,FALSE,TRUE,TRUE,FALSE
1/7/2023,Saturday,178,105,,July,FALSE,TRUE,TRUE,TRUE
2/7/2023,Sunday,126,128,,July,FALSE,TRUE,TRUE,TRUE
3/7/2023,Monday,111,0,,July,FALSE,FALSE,TRUE,FALSE
4/7/2023,Tuesday,133,81,,July,FALSE,TRUE,TRUE,FALSE
5/7/2023,Wednesday,140,0,,July,FALSE,FALSE,TRUE,FALSE
6/7/2023,Thursday,134,103,,July,FALSE,TRUE,TRUE,TRUE
7/7/2023,Friday,122,0,,July,FALSE,FALSE,TRUE,FALSE
8/7/2023,Saturday,134,0,,July,FALSE,FALSE,TRUE,FALSE
9/7/2023,Sunday,129,104,,July,FALSE,TRUE,TRUE,TRUE
10/7/2023,Monday,124,110,,July,FALSE,TRUE,TRUE,TRUE
11/7/2023,Tuesday,115,0,,July,FALSE,FALSE,TRUE,FALSE
12/7/2023,Wednesday,134,104,,July,FALSE,TRUE,TRUE,TRUE
13/7/2023,Thursday,97,106,,July,FALSE,TRUE,FALSE,TRUE
14/7/2023,Friday,111,0,,July,FALSE,FALSE,TRUE,FALSE
15/7/2023,Saturday,159,0,,July,FALSE,FALSE,TRUE,FALSE
16/7/2023,Sunday,164,0,,July,FALSE,FALSE,TRUE,FALSE
17/7/2023,Monday,141,118,,July,FALSE,TRUE,TRUE,TRUE
18/7/2023,Tuesday,102,0,,July,FALSE,FALSE,TRUE,FALSE
19/7/2023,Wednesday,102,0,,July,FALSE,FALSE,TRUE,FALSE
20/7/2023,Thursday,98,0,,July,FALSE,FALSE,FALSE,FALSE
21/7/2023,Friday,103,84,,July,FALSE,TRUE,TRUE,FALSE
22/7/2023,Saturday,159,0,,July,FALSE,FALSE,TRUE,FALSE
23/7/2023,Sunday,175,172,,July,TRUE,TRUE,TRUE,TRUE
24/7/2023,Monday,161,116,,July,TRUE,TRUE,TRUE,TRUE
25/7/2023,Tuesday,134,0,,July,FALSE,FALSE,TRUE,FALSE
26/7/2023,Wednesday,162,125,,July,TRUE,TRUE,TRUE,TRUE
27/7/2023,Thursday,141,0,,July,FALSE,FALSE,TRUE,FALSE
28/7/2023,Friday,127,0,,July,FALSE,FALSE,TRUE,FALSE
29/7/2023,Saturday,132,0,,July,FALSE,FALSE,TRUE,FALSE
30/7/2023,Sunday,120,112,,July,FALSE,TRUE,TRUE,TRUE
31/7/2023,Monday,140,0,,July,FALSE,FALSE,TRUE,FALSE
1/8/2023,Tuesday,134,0,,August,FALSE,FALSE,TRUE,FALSE
2/8/2023,Wednesday,139,0,,August,FALSE,FALSE,TRUE,FALSE
3/8/2023,Thursday,127,0,,August,FALSE,FALSE,TRUE,FALSE
4/8/2023,Friday,134,0,,August,FALSE,FALSE,TRUE,FALSE
5/8/2023,Saturday,120,0,,August,FALSE,FALSE,TRUE,FALSE
6/8/2023,Sunday,133,0,,August,FALSE,FALSE,TRUE,FALSE
7/8/2023,Monday,97,0,,August,FALSE,FALSE,FALSE,FALSE
8/8/2023,Tuesday,106,109,,August,FALSE,TRUE,TRUE,TRUE
9/8/2023,Wednesday,151,176,National Day,August,FALSE,TRUE,TRUE,TRUE
10/8/2023,Thursday,106,80,,August,FALSE,TRUE,TRUE,FALSE
11/8/2023,Friday,134,94,,August,FALSE,TRUE,TRUE,FALSE
12/8/2023,Saturday,148,111,,August,FALSE,TRUE,TRUE,TRUE
13/8/2023,Sunday,158,139,,August,FALSE,TRUE,TRUE,TRUE
14/8/2023,Monday,132,111,,August,FALSE,TRUE,TRUE,TRUE
15/8/2023,Tuesday,138,96,,August,FALSE,TRUE,TRUE,FALSE
16/8/2023,Wednesday,123,73,,August,FALSE,TRUE,TRUE,FALSE
17/8/2023,Thursday,112,82,,August,FALSE,TRUE,TRUE,FALSE
18/8/2023,Friday,129,0,,August,FALSE,FALSE,TRUE,FALSE
19/8/2023,Saturday,164,112,,August,FALSE,TRUE,TRUE,TRUE
20/8/2023,Sunday,150,0,,August,FALSE,FALSE,TRUE,FALSE
21/8/2023,Monday,161,110,,August,TRUE,TRUE,TRUE,TRUE
22/8/2023,Tuesday,123,122,,August,TRUE,TRUE,TRUE,TRUE
23/8/2023,Wednesday,109,0,,August,FALSE,FALSE,TRUE,FALSE
24/8/2023,Thursday,97,105,,August,FALSE,TRUE,FALSE,TRUE
25/8/2023,Friday,127,0,,August,FALSE,FALSE,TRUE,FALSE
26/8/2023,Saturday,130,106,,August,FALSE,TRUE,TRUE,TRUE
27/8/2023,Sunday,121,138,,August,FALSE,TRUE,TRUE,TRUE
28/8/2023,Monday,138,0,,August,FALSE,FALSE,TRUE,FALSE
29/8/2023,Tuesday,157,95,,August,TRUE,TRUE,TRUE,FALSE
30/8/2023,Wednesday,127,108,,August,FALSE,TRUE,TRUE,TRUE
31/8/2023,Thursday,100,0,,August,FALSE,FALSE,FALSE,FALSE
1/9/2023,Friday,99,0,,September,FALSE,FALSE,FALSE,FALSE
2/9/2023,Saturday,133,147,,September,TRUE,TRUE,TRUE,TRUE
3/9/2023,Sunday,147,0,,September,FALSE,FALSE,TRUE,FALSE
4/9/2023,Monday,119,63,,September,FALSE,TRUE,TRUE,FALSE
5/9/2023,Tuesday,117,0,,September,FALSE,FALSE,TRUE,FALSE
6/9/2023,Wednesday,85,62,,September,FALSE,TRUE,FALSE,FALSE
7/9/2023,Thursday,108,100,,September,TRUE,TRUE,TRUE,FALSE
8/9/2023,Friday,127,88,,September,TRUE,TRUE,TRUE,FALSE
9/9/2023,Saturday,124,82,,September,FALSE,TRUE,TRUE,FALSE
10/9/2023,Sunday,111,0,,September,FALSE,FALSE,TRUE,FALSE
11/9/2023,Monday,105,94,,September,FALSE,TRUE,TRUE,FALSE
12/9/2023,Tuesday,92,97,,September,FALSE,TRUE,FALSE,FALSE
13/9/2023,Wednesday,119,79,,September,FALSE,TRUE,TRUE,FALSE
14/9/2023,Thursday,97,0,,September,FALSE,FALSE,FALSE,FALSE
15/9/2023,Friday,104,98,,September,FALSE,TRUE,TRUE,FALSE
16/9/2023,Saturday,143,83,,September,FALSE,TRUE,TRUE,FALSE
17/9/2023,Sunday,135,0,,September,FALSE,FALSE,TRUE,FALSE
18/9/2023,Monday,91,0,,September,FALSE,FALSE,FALSE,FALSE
19/9/2023,Tuesday,115,0,,September,FALSE,FALSE,TRUE,FALSE
20/9/2023,Wednesday,83,79,,September,FALSE,TRUE,FALSE,FALSE
21/9/2023,Thursday,84,65,,September,FALSE,TRUE,FALSE,FALSE
22/9/2023,Friday,116,75,,September,FALSE,TRUE,TRUE,FALSE
23/9/2023,Saturday,145,0,,September,FALSE,FALSE,TRUE,FALSE
24/9/2023,Sunday,149,84,,September,FALSE,TRUE,TRUE,FALSE
25/9/2023,Monday,110,0,,September,FALSE,FALSE,TRUE,FALSE
26/9/2023,Tuesday,88,0,,September,FALSE,FALSE,FALSE,FALSE
27/9/2023,Wednesday,108,0,,September,FALSE,FALSE,TRUE,FALSE
28/9/2023,Thursday,93,0,,September,FALSE,FALSE,FALSE,FALSE
29/9/2023,Friday,119,0,,September,FALSE,FALSE,TRUE,FALSE
30/9/2023,Saturday,142,93,,September,FALSE,TRUE,TRUE,FALSE
1/10/2023,Sunday,115,0,,October,FALSE,FALSE,TRUE,FALSE
2/10/2023,Monday,102,68,,October,FALSE,TRUE,TRUE,FALSE
3/10/2023,Tuesday,80,86,,October,FALSE,TRUE,FALSE,FALSE
4/10/2023,Wednesday,116,0,,October,FALSE,FALSE,TRUE,FALSE
5/10/2023,Thursday,100,0,,October,FALSE,FALSE,FALSE,FALSE
6/10/2023,Friday,105,63,,October,FALSE,TRUE,TRUE,FALSE
7/10/2023,Saturday,114,0,,October,FALSE,FALSE,TRUE,FALSE
8/10/2023,Sunday,103,0,,October,FALSE,FALSE,TRUE,FALSE
9/10/2023,Monday,80,0,,October,FALSE,FALSE,FALSE,FALSE
10/10/2023,Tuesday,148,85,,October,TRUE,TRUE,TRUE,FALSE
11/10/2023,Wednesday,94,98,,October,FALSE,TRUE,FALSE,FALSE
12/10/2023,Thursday,100,0,,October,FALSE,FALSE,FALSE,FALSE
13/10/2023,Friday,88,98,,October,FALSE,TRUE,FALSE,FALSE
14/10/2023,Saturday,113,0,,October,FALSE,FALSE,TRUE,FALSE
15/10/2023,Sunday,103,0,,October,FALSE,FALSE,TRUE,FALSE
16/10/2023,Monday,105,0,,October,FALSE,FALSE,TRUE,FALSE
17/10/2023,Tuesday,114,82,,October,FALSE,TRUE,TRUE,FALSE
18/10/2023,Wednesday,130,117,,October,TRUE,TRUE,TRUE,TRUE
19/10/2023,Thursday,105,65,,October,FALSE,TRUE,TRUE,FALSE
20/10/2023,Friday,90,69,,October,FALSE,TRUE,FALSE,FALSE
21/10/2023,Saturday,127,95,,October,FALSE,TRUE,TRUE,FALSE
22/10/2023,Sunday,134,0,,October,FALSE,FALSE,TRUE,FALSE
23/10/2023,Monday,86,0,,October,FALSE,FALSE,FALSE,FALSE
24/10/2023,Tuesday,97,0,,October,FALSE,FALSE,FALSE,FALSE
25/10/2023,Wednesday,106,78,,October,FALSE,TRUE,TRUE,FALSE
26/10/2023,Thursday,141,97,,October,TRUE,TRUE,TRUE,FALSE
27/10/2023,Friday,106,0,,October,FALSE,FALSE,TRUE,FALSE
28/10/2023,Saturday,117,117,,October,FALSE,TRUE,TRUE,TRUE
29/10/2023,Sunday,101,108,,October,FALSE,TRUE,TRUE,TRUE
30/10/2023,Monday,104,0,,October,FALSE,FALSE,TRUE,FALSE
31/10/2023,Tuesday,86,0,,October,FALSE,FALSE,FALSE,FALSE
1/11/2023,Wednesday,85,0,,November,FALSE,FALSE,FALSE,FALSE
2/11/2023,Thursday,103,83,,November,FALSE,TRUE,TRUE,FALSE
3/11/2023,Friday,112,77,,November,FALSE,TRUE,TRUE,FALSE
4/11/2023,Saturday,129,81,,November,FALSE,TRUE,TRUE,FALSE
5/11/2023,Sunday,110,88,,November,FALSE,TRUE,TRUE,FALSE
6/11/2023,Monday,105,75,,November,FALSE,TRUE,TRUE,FALSE
7/11/2023,Tuesday,107,61,,November,FALSE,TRUE,TRUE,FALSE
8/11/2023,Wednesday,100,0,,November,FALSE,FALSE,FALSE,FALSE
9/11/2023,Thursday,86,0,,November,FALSE,FALSE,FALSE,FALSE
10/11/2023,Friday,120,77,,November,TRUE,TRUE,TRUE,FALSE
11/11/2023,Saturday,112,0,,November,FALSE,FALSE,TRUE,FALSE
12/11/2023,Sunday,130,0,,November,FALSE,FALSE,TRUE,FALSE
13/11/2023,Monday,101,78,,November,FALSE,TRUE,TRUE,FALSE
14/11/2023,Tuesday,107,71,,November,FALSE,TRUE,TRUE,FALSE
15/11/2023,Wednesday,119,0,,November,FALSE,FALSE,TRUE,FALSE
16/11/2023,Thursday,86,0,,November,FALSE,FALSE,FALSE,FALSE
17/11/2023,Friday,80,99,,November,FALSE,TRUE,FALSE,FALSE
18/11/2023,Saturday,119,0,,November,FALSE,FALSE,TRUE,FALSE
19/11/2023,Sunday,103,89,,November,FALSE,TRUE,TRUE,FALSE
20/11/2023,Monday,109,61,,November,FALSE,TRUE,TRUE,FALSE
21/11/2023,Tuesday,102,89,,November,FALSE,TRUE,TRUE,FALSE
22/11/2023,Wednesday,147,163,Deepavali,November,FALSE,TRUE,TRUE,TRUE
23/11/2023,Thursday,111,67,,November,FALSE,TRUE,TRUE,FALSE
24/11/2023,Friday,109,89,,November,FALSE,TRUE,TRUE,FALSE
25/11/2023,Saturday,146,101,,November,FALSE,TRUE,TRUE,TRUE
26/11/2023,Sunday,140,118,,November,TRUE,TRUE,TRUE,TRUE
27/11/2023,Monday,109,0,,November,FALSE,FALSE,TRUE,FALSE
28/11/2023,Tuesday,118,87,,November,TRUE,TRUE,TRUE,FALSE
29/11/2023,Wednesday,119,95,,November,FALSE,TRUE,TRUE,FALSE
30/11/2023,Thursday,98,0,,November,FALSE,FALSE,FALSE,FALSE
1/12/2023,Friday,97,0,,December,FALSE,FALSE,FALSE,FALSE
2/12/2023,Saturday,125,0,,December,FALSE,FALSE,TRUE,FALSE
3/12/2023,Sunday,108,0,,December,FALSE,FALSE,TRUE,FALSE
4/12/2023,Monday,81,0,,December,FALSE,FALSE,FALSE,FALSE
5/12/2023,Tuesday,107,0,,December,FALSE,FALSE,TRUE,FALSE
6/12/2023,Wednesday,109,75,,December,FALSE,TRUE,TRUE,FALSE
7/12/2023,Thursday,117,74,,December,FALSE,TRUE,TRUE,FALSE
8/12/2023,Friday,83,66,,December,FALSE,TRUE,FALSE,FALSE
9/12/2023,Saturday,123,108,,December,FALSE,TRUE,TRUE,TRUE
10/12/2023,Sunday,115,98,,December,FALSE,TRUE,TRUE,FALSE
11/12/2023,Monday,108,0,,December,FALSE,FALSE,TRUE,FALSE
12/12/2023,Tuesday,118,0,,December,FALSE,FALSE,TRUE,FALSE
13/12/2023,Wednesday,82,0,,December,FALSE,FALSE,FALSE,FALSE
14/12/2023,Thursday,111,89,,December,FALSE,TRUE,TRUE,FALSE
15/12/2023,Friday,111,100,,December,TRUE,TRUE,TRUE,FALSE
16/12/2023,Saturday,149,110,,December,FALSE,TRUE,TRUE,TRUE
17/12/2023,Sunday,123,80,,December,FALSE,TRUE,TRUE,FALSE
18/12/2023,Monday,113,0,,December,FALSE,FALSE,TRUE,FALSE
19/12/2023,Tuesday,112,77,,December,FALSE,TRUE,TRUE,FALSE
20/12/2023,Wednesday,102,0,,December,FALSE,FALSE,TRUE,FALSE
21/12/2023,Thursday,107,0,,December,FALSE,FALSE,TRUE,FALSE
22/12/2023,Friday,111,0,,December,FALSE,FALSE,TRUE,FALSE
23/12/2023,Saturday,117,0,,December,FALSE,FALSE,TRUE,FALSE
24/12/2023,Sunday,118,90,,December,FALSE,TRUE,TRUE,FALSE
25/12/2023,Monday,130,96,Christmas Day,December,FALSE,TRUE,TRUE,FALSE
26/12/2023,Tuesday,80,73,,December,FALSE,TRUE,FALSE,FALSE
27/12/2023,Wednesday,82,0,,December,FALSE,FALSE,FALSE,FALSE
28/12/2023,Thursday,128,110,,December,TRUE,TRUE,TRUE,TRUE
29/12/2023,Friday,127,111,,December,TRUE,TRUE,TRUE,TRUE
30/12/2023,Saturday,146,0,,December,FALSE,FALSE,TRUE,FALSE
31/12/2023,Sunday,148,0,,December,FALSE,FALSE,TRUE,FALSE
